,frame,tracker_id,field_x,field_y,label
0,0,9.0,40.266483,20.6358,RB
1,0,2.0,45.06978,8.3064375,WR
2,0,14.0,45.40948,19.576069,T
3,0,13.0,45.085682,26.188635,G
4,0,3.0,44.815453,30.628178,TE
5,0,7.0,45.297333,41.637684,WR
6,0,1.0,48.6403,16.895355,LB
7,0,10.0,48.41647,21.036398,LB
8,0,12.0,48.097107,25.844818,LB
9,0,4.0,45.922653,50.62434,WR
10,0,8.0,52.222076,42.332024,DB
11,0,6.0,55.67162,48.399216,DB
12,0,5.0,59.477592,18.972067,DB
13,0,11.0,60.398983,38.790066,DB
14,0,52.0,40.237488,24.4185,QB
15,0,53.0,46.107754,23.097532,C
16,0,54.0,45.443127,22.273352,G
17,0,55.0,44.72057,26.946384,T
18,0,56.0,48.02616,8.273628,DB
19,0,57.0,52.70168,33.7888,LB
20,0,58.0,48.20805,22.614855,DL
21,0,59.0,48.22186,29.270454,DL
22,1,1.0,48.648567,16.89639,
23,1,2.0,45.082996,8.382705,
24,1,3.0,44.815453,30.628178,
25,1,4.0,45.91934,50.65345,
26,1,5.0,59.469902,18.971123,
27,1,6.0,55.640175,48.453735,
28,1,7.0,45.297333,41.637684,
29,1,8.0,52.21726,42.279434,
30,1,9.0,40.275475,20.636782,
31,1,10.0,48.391026,21.033577,
32,1,11.0,60.39798,38.814453,
33,1,12.0,48.05433,25.907951,
34,1,13.0,45.097675,26.166979,
35,1,14.0,45.42097,19.556267,
36,2,1.0,48.65214,16.878725,
37,2,2.0,45.090183,8.363375,
38,2,3.0,44.826538,30.60756,
39,2,4.0,45.927784,50.65852,
40,2,5.0,59.46949,18.953482,
41,2,6.0,55.64315,48.46322,
42,2,7.0,45.314728,41.63837,
43,2,8.0,52.216434,42.2704,
44,2,9.0,40.268936,20.636068,
45,2,10.0,48.383526,20.994398,
46,2,11.0,60.435455,38.8426,
47,2,12.0,48.108204,25.924631,
48,2,13.0,45.094284,26.203463,
49,3,1.0,48.642757,16.83627,
50,3,2.0,45.089813,8.371679,
51,3,3.0,44.82199,30.600462,
52,3,4.0,45.91562,50.63361,
53,3,5.0,59.45593,18.946304,
54,3,6.0,55.638023,48.440865,
55,3,7.0,45.31167,41.63825,
56,3,8.0,52.230167,42.200275,
57,3,9.0,40.269936,20.616926,
58,3,10.0,48.351067,20.92341,
59,3,11.0,60.457294,38.78653,
60,3,12.0,48.131863,25.889502,
61,3,13.0,45.10359,26.196278,
62,4,1.0,48.643734,16.7894,
63,4,2.0,45.08487,8.357699,
64,4,3.0,44.817562,30.61871,
65,4,4.0,45.920208,50.625546,
66,4,5.0,59.4517,18.944448,
67,4,6.0,55.63013,48.40942,
68,4,7.0,45.310272,41.638195,
69,4,8.0,52.226864,42.177925,
70,4,9.0,40.262722,20.609972,
71,4,10.0,48.30913,20.86189,
72,4,11.0,60.47705,38.789536,
73,4,12.0,48.153305,25.87917,
74,4,13.0,45.11668,26.175007,
75,5,1.0,48.642143,16.79143,
76,5,2.0,45.092003,8.338922,
77,5,3.0,44.8262,30.606306,
78,5,4.0,45.92459,50.599075,
79,5,5.0,59.42332,18.97343,
80,5,6.0,55.630608,48.353733,
81,5,7.0,45.320312,41.61654,
82,5,8.0,52.217953,42.171665,
83,5,9.0,40.26772,20.608786,
84,5,10.0,48.252907,20.611656,
85,5,11.0,60.49851,38.751442,
86,5,12.0,48.204014,25.806423,
87,6,1.0,48.62489,16.75814,
88,6,2.0,45.094444,8.332414,
89,6,3.0,44.826622,30.621267,
90,6,4.0,45.926132,50.590176,
91,6,5.0,59.3967,18.94955,
92,6,6.0,55.638515,48.334946,
93,6,7.0,45.33152,41.609333,
94,6,8.0,52.216522,42.149876,
95,6,9.0,40.269573,20.608692,
96,6,10.0,48.22291,20.509172,
97,6,11.0,60.52046,38.69994,
98,6,12.0,48.232788,25.800613,
99,7,1.0,48.59401,16.728338,
100,7,2.0,45.10801,8.33225,
101,7,3.0,44.826694,30.626656,
102,7,4.0,45.926643,50.587494,
103,7,5.0,59.37483,18.955124,
104,7,6.0,55.6429,48.307335,
105,7,7.0,45.3353,41.607006,
106,7,8.0,52.206974,42.16342,
107,7,9.0,40.2745,20.626736,
108,7,10.0,48.206764,20.475275,
109,7,11.0,60.534924,38.663208,
110,7,12.0,48.253506,25.818684,
111,8,1.0,48.572334,16.701468,
112,8,2.0,45.112846,8.332413,
113,8,3.0,44.826653,30.628597,
114,8,4.0,45.92679,50.58697,
115,8,5.0,59.35461,18.971039,
116,8,6.0,55.644554,48.29823,
117,8,7.0,45.336426,41.6064,
118,8,8.0,52.197994,42.14875,
119,8,9.0,40.293224,20.61818,
120,8,10.0,48.22593,20.436813,
121,8,11.0,60.532425,38.650707,
122,8,12.0,48.26957,25.861488,
123,9,1.0,48.569088,16.661404,
124,9,2.0,45.122864,8.3195,
125,9,3.0,44.840893,30.63036,
126,9,4.0,45.926807,50.587154,
127,9,5.0,59.34264,18.961042,
128,9,6.0,55.647923,48.2529,
129,9,7.0,45.33161,41.58533,
130,9,8.0,52.187614,42.143787,
131,9,9.0,40.306934,20.615824,
132,9,10.0,48.221104,20.424644,
133,9,11.0,60.53507,38.70535,
134,9,12.0,48.27209,25.84301,
135,9,16.0,40.440105,23.0974,
136,9,14.0,45.468735,19.510008,
137,10,1.0,48.55342,16.66231,
138,10,2.0,45.132668,8.315834,
139,10,3.0,44.862778,30.613716,
140,10,4.0,45.9345,50.519817,
141,10,5.0,59.32694,18.955853,
142,10,6.0,55.643314,48.2156,
143,10,7.0,45.3447,41.57834,
144,10,8.0,52.169525,42.142178,
145,10,10.0,48.21551,20.406239,
146,10,11.0,60.54285,38.707245,
147,10,12.0,48.267242,25.81849,
148,10,16.0,40.458218,23.06737,
149,11,1.0,48.554737,16.664644,
150,11,2.0,45.12985,8.313714,
151,11,3.0,44.882553,30.626884,
152,11,4.0,45.93733,50.495125,
153,11,5.0,59.310642,18.937332,
154,11,6.0,55.65012,48.181683,
155,11,7.0,45.35436,41.596905,
156,11,8.0,52.170174,42.14246,
157,11,10.0,48.227222,20.403736,
158,11,11.0,60.557705,38.728115,
159,11,12.0,48.27774,25.810553,
160,11,16.0,40.465878,23.097788,
161,12,1.0,48.548397,16.618298,
162,12,2.0,45.134895,8.2713,
163,12,3.0,44.885017,30.613058,
164,12,4.0,45.94342,50.441723,
165,12,5.0,59.29933,18.929827,
166,12,6.0,55.66525,48.085705,
167,12,7.0,45.357834,41.542126,
168,12,8.0,52.163532,42.14282,
169,12,10.0,48.26927,20.425537,
170,12,11.0,60.566395,38.640697,
171,12,12.0,48.294308,25.809086,
172,12,16.0,40.459866,23.107286,
173,13,1.0,48.548298,16.586796,
174,13,2.0,45.146988,8.228843,
175,13,3.0,44.897533,30.571987,
176,13,4.0,45.945515,50.355854,
177,13,5.0,59.2736,18.894386,
178,13,6.0,55.67086,48.05101,
179,13,7.0,45.35651,41.480904,
180,13,8.0,52.161278,42.143463,
181,13,10.0,48.26757,20.52916,
182,13,11.0,60.56832,38.62825,
183,13,12.0,48.29997,25.808758,
184,14,1.0,48.53133,16.558352,
185,14,2.0,45.15568,8.142504,
186,14,3.0,44.885857,30.463871,
187,14,4.0,45.966686,50.279995,
188,14,5.0,59.249233,18.834337,
189,14,6.0,55.68092,47.913498,
190,14,7.0,45.370724,41.397663,
191,14,8.0,52.171005,42.02297,
192,14,10.0,48.337254,20.369997,
193,14,11.0,60.572983,38.509907,
194,14,12.0,48.30416,25.84304,
195,15,1.0,48.54299,16.457752,
196,15,2.0,45.16302,8.0404625,
197,15,3.0,44.886482,30.278652,
198,15,4.0,45.97441,50.186092,
199,15,5.0,59.2121,18.793678,
200,15,6.0,55.692604,47.737957,
201,15,7.0,45.380928,41.265667,
202,15,8.0,52.174446,41.89905,
203,15,10.0,48.32584,20.354801,
204,15,11.0,60.591366,38.374043,
205,15,12.0,48.277233,25.870232,
206,16,1.0,48.59163,16.272633,
207,16,2.0,45.173912,7.948173,
208,16,3.0,44.898254,30.174746,
209,16,4.0,45.98207,50.041195,
210,16,5.0,59.20201,18.719461,
211,16,6.0,55.695103,47.590954,
212,16,7.0,45.387108,41.1356,
213,16,8.0,52.165035,41.81258,
214,16,10.0,48.37083,20.372324,
215,16,11.0,60.64036,38.070362,
216,16,12.0,48.277943,25.781837,
217,17,1.0,48.628036,16.161705,
218,17,2.0,45.188095,7.888243,
219,17,3.0,44.909702,30.083132,
220,17,4.0,45.987267,49.966805,
221,17,5.0,59.208054,18.633715,
222,17,6.0,55.715267,47.45515,
223,17,7.0,45.401535,41.04822,
224,17,8.0,52.157948,41.741592,
225,17,10.0,48.40815,20.31895,
226,17,11.0,60.665585,37.93941,
227,17,12.0,48.27257,25.68038,
228,17,17.0,52.794918,31.88652,
229,18,1.0,48.662228,16.109804,
230,18,2.0,45.209633,7.8416295,
231,18,3.0,44.91859,30.014511,
232,18,4.0,45.999138,49.918724,
233,18,5.0,59.2142,18.543264,
234,18,6.0,55.74795,47.34481,
235,18,7.0,45.409195,40.9971,
236,18,8.0,52.15888,41.67715,
237,18,10.0,48.456566,20.175926,
238,18,11.0,60.704006,37.80178,
239,18,12.0,48.27736,25.692112,
240,18,17.0,52.802616,31.887094,
241,18,13.0,45.14334,25.391588,
242,19,1.0,48.684757,16.063322,
243,19,2.0,45.21127,7.8247743,
244,19,3.0,44.931046,29.973097,
245,19,4.0,46.010998,49.836655,
246,19,5.0,59.191948,18.537464,
247,19,6.0,55.790756,47.265583,
248,19,7.0,45.416756,40.939598,
249,19,8.0,52.153988,41.634697,
250,19,10.0,48.455086,20.121407,
251,19,11.0,60.732994,37.69848,
252,19,12.0,48.27504,25.730387,
253,19,17.0,52.739735,32.00829,
254,19,13.0,45.173466,25.460814,
255,19,16.0,40.558655,22.36939,
256,20,1.0,48.675953,16.030653,
257,20,2.0,45.20748,7.8053346,
258,20,3.0,44.921597,29.958397,
259,20,4.0,46.015213,49.80795,
260,20,5.0,59.167233,18.519667,
261,20,6.0,55.79369,47.218075,
262,20,7.0,45.41934,40.91988,
263,20,8.0,52.16284,41.581127,
264,20,10.0,48.471783,20.008627,
265,20,11.0,60.748318,37.698853,
266,20,12.0,48.25653,25.726942,
267,20,17.0,52.708786,32.085938,
268,20,13.0,45.16163,25.397556,
269,20,16.0,40.502373,22.270756,
270,21,1.0,48.6552,16.003197,
271,21,2.0,45.201714,7.784781,
272,21,3.0,44.922558,29.91901,
273,21,4.0,46.029198,49.755444,
274,21,5.0,59.137363,18.46663,
275,21,6.0,55.78852,47.182575,
276,21,7.0,45.422512,40.89435,
277,21,8.0,52.134342,41.521828,
278,21,10.0,48.458225,19.966164,
279,21,11.0,60.75911,37.720825,
280,21,12.0,48.2632,25.660812,
281,21,17.0,52.69421,32.08891,
282,21,13.0,45.183994,25.429377,
283,22,1.0,48.634525,15.9934435,
284,22,2.0,45.197174,7.7922244,
285,22,3.0,44.908813,29.904829,
286,22,4.0,46.026592,49.737633,
287,22,5.0,59.086548,18.428211,
288,22,6.0,55.764847,47.171936,
289,22,7.0,45.398895,40.905884,
290,22,8.0,52.135708,41.360813,
291,22,10.0,48.40382,19.978699,
292,22,11.0,60.776752,37.696507,
293,22,12.0,48.25709,25.651281,
294,22,17.0,52.676243,32.08583,
295,22,13.0,45.15859,25.388124,
296,22,19.0,54.945618,23.169449,
297,23,1.0,48.632965,15.992483,
298,23,2.0,45.19525,7.7963953,
299,23,3.0,44.903454,29.901215,
300,23,4.0,46.02534,49.732956,
301,23,5.0,59.05632,18.413677,
302,23,6.0,55.741516,47.17037,
303,23,7.0,45.389782,40.912045,
304,23,8.0,52.151897,41.285126,
305,23,10.0,48.37719,20.033298,
306,23,11.0,60.79346,37.74534,
307,23,12.0,48.254646,25.64813,
308,23,17.0,52.665615,32.06361,
309,23,13.0,45.178074,25.411081,
310,23,19.0,54.94212,23.19537,
311,24,1.0,48.649357,16.011284,
312,24,2.0,45.2026,7.786271,
313,24,3.0,44.908287,29.902002,
314,24,4.0,46.03741,49.75522,
315,24,5.0,59.05411,18.365904,
316,24,6.0,55.753803,47.17269,
317,24,7.0,45.40596,40.8761,
318,24,8.0,52.15656,41.278206,
319,24,10.0,48.35698,20.085974,
320,24,11.0,60.80264,37.674698,
321,24,12.0,48.26604,25.598017,
322,24,13.0,45.200954,25.405018,
323,24,19.0,54.951214,23.167295,
324,25,1.0,48.65993,16.035877,
325,25,2.0,45.20314,7.797122,
326,25,3.0,44.91461,29.922153,
327,25,4.0,46.041767,49.76515,
328,25,5.0,59.042347,18.347736,
329,25,6.0,55.766697,47.15517,
330,25,7.0,45.416805,40.884148,
331,25,8.0,52.16542,41.27857,
332,25,10.0,48.357777,20.09201,
333,25,11.0,60.826183,37.614555,
334,25,12.0,48.297337,25.462961,
335,25,13.0,45.1805,25.366978,
336,25,19.0,54.96122,23.1585,
337,26,1.0,48.670074,16.047247,
338,26,2.0,45.215424,7.803978,
339,26,3.0,44.919086,29.967089,
340,26,4.0,46.043186,49.770344,
341,26,5.0,59.033573,18.326674,
342,26,6.0,55.778503,47.15105,
343,26,7.0,45.42079,40.88863,
344,26,8.0,52.154797,41.28028,
345,26,10.0,48.36467,20.096012,
346,26,11.0,60.873737,37.57776,
347,26,12.0,48.32367,25.345322,
348,26,13.0,45.165527,25.353045,
349,26,19.0,54.97388,23.12173,
350,27,1.0,48.68631,16.0541,
351,27,2.0,45.21993,7.807444,
352,27,3.0,44.923073,29.967491,
353,27,4.0,46.043472,49.77372,
354,27,5.0,59.025917,18.304502,
355,27,6.0,55.789764,47.151154,
356,27,7.0,45.429485,40.891754,
357,27,8.0,52.15612,41.302784,
358,27,10.0,48.364716,20.065887,
359,27,11.0,60.93023,37.54976,
360,27,12.0,48.335835,25.33837,
361,27,13.0,45.17121,25.367212,
362,27,19.0,54.97799,23.10943,
363,28,1.0,48.69849,16.05833,
364,28,2.0,45.221443,7.8093843,
365,28,3.0,44.924465,29.968319,
366,28,4.0,46.03572,49.775925,
367,28,5.0,58.989452,18.278242,
368,28,6.0,55.78667,47.152874,
369,28,7.0,45.432606,40.89391,
370,28,8.0,52.165382,41.293644,
371,28,10.0,48.362885,20.071247,
372,28,11.0,60.970757,37.523945,
373,28,12.0,48.335163,25.319471,
374,28,13.0,45.18904,25.409216,
375,29,1.0,48.69836,16.044815,
376,29,2.0,45.221844,7.8106794,
377,29,3.0,44.924877,29.9693,
378,29,4.0,46.032646,49.777664,
379,29,5.0,58.966278,18.23866,
380,29,6.0,55.77821,47.154755,
381,29,7.0,45.43361,40.895576,
382,29,8.0,52.165237,41.251907,
383,29,10.0,48.351208,20.056671,
384,29,11.0,60.99942,37.4804,
385,29,12.0,48.3232,25.295536,
386,29,13.0,45.191097,25.459389,
387,29,16.0,40.691975,22.500547,
388,29,19.0,54.98098,23.08533,
389,30,1.0,48.698044,16.040445,
390,30,2.0,45.217777,7.7969837,
391,30,3.0,44.91797,29.969713,
392,30,4.0,46.039013,49.77922,
393,30,5.0,58.946518,18.223318,
394,30,6.0,55.78326,47.136078,
395,30,7.0,45.424015,40.91675,
396,30,8.0,52.15814,41.23731,
397,30,10.0,48.350754,20.020128,
398,30,11.0,61.03494,37.467182,
399,30,12.0,48.32237,25.254128,
400,30,13.0,45.194042,25.462172,
401,30,17.0,52.68469,31.481274,
402,31,1.0,48.697746,16.039337,
403,31,2.0,45.2161,7.7922864,
404,31,3.0,44.91527,29.970394,
405,31,4.0,46.041306,49.78052,
406,31,5.0,58.9523,18.205444,
407,31,6.0,55.786335,47.10946,
408,31,7.0,45.42027,40.92533,
409,31,8.0,52.157173,41.21341,
410,31,10.0,48.34039,20.038153,
411,31,11.0,61.066616,37.465027,
412,31,12.0,48.31866,25.325132,
413,31,13.0,45.192726,25.4805,
414,31,17.0,52.68828,31.444283,
415,32,1.0,48.69118,16.038706,
416,32,2.0,45.213276,7.804711,
417,32,3.0,44.921158,29.971663,
418,32,4.0,46.03441,49.78156,
419,32,5.0,58.9444,18.183697,
420,32,6.0,55.781567,47.079662,
421,32,7.0,45.416264,40.949337,
422,32,8.0,52.15684,41.20577,
423,32,10.0,48.321777,20.059921,
424,32,11.0,61.091743,37.43009,
425,32,12.0,48.310543,25.35171,
426,32,13.0,45.18536,25.48694,
427,32,17.0,52.68926,31.432072,
428,33,1.0,48.694794,16.039791,
429,33,2.0,45.220333,7.7969985,
430,33,3.0,44.923336,29.97255,
431,33,4.0,46.039345,49.782593,
432,33,5.0,58.943752,18.146994,
433,33,6.0,55.772614,47.069405,
434,33,7.0,45.41717,40.938576,
435,33,8.0,52.15674,41.2041,
436,33,10.0,48.308464,20.06792,
437,33,11.0,61.125824,37.419685,
438,33,12.0,48.30927,25.345913,
439,33,13.0,45.18013,25.506582,
440,33,17.0,52.68506,31.482773,
441,34,1.0,48.667347,16.067392,
442,34,2.0,45.22085,7.808079,
443,34,3.0,44.92171,29.991121,
444,34,4.0,46.03349,49.783382,
445,34,5.0,58.93735,18.148466,
446,34,6.0,55.77621,47.06677,
447,34,7.0,45.424793,40.93509,
448,34,8.0,52.146046,41.164516,
449,34,10.0,48.313995,20.040348,
450,34,11.0,61.14779,37.49109,
451,34,12.0,48.325127,25.261108,
452,34,13.0,45.18274,25.479849,
453,34,17.0,52.676918,31.502829,
454,35,1.0,48.644356,16.076588,
455,35,2.0,45.214825,7.8116612,
456,35,3.0,44.918636,30.016417,
457,35,4.0,46.02356,49.784023,
458,35,5.0,58.9178,18.147907,
459,35,6.0,55.773098,47.025238,
460,35,7.0,45.412983,40.933445,
461,35,8.0,52.13868,41.1901,
462,35,10.0,48.320103,19.998749,
463,35,11.0,61.169865,37.465183,
464,35,12.0,48.33498,25.195932,
465,35,13.0,45.176914,25.469303,
466,35,17.0,52.665764,31.528753,
467,36,1.0,48.604126,16.076313,
468,36,2.0,45.206345,7.812293,
469,36,3.0,44.90583,30.007032,
470,36,4.0,46.017273,49.806625,
471,36,5.0,58.893333,18.146408,
472,36,6.0,55.77055,47.031197,
473,36,7.0,45.405987,40.953163,
474,36,8.0,52.13065,41.18074,
475,36,10.0,48.2875,19.94736,
476,36,11.0,61.186275,37.383667,
477,36,12.0,48.343243,25.190502,
478,36,13.0,45.172367,25.482368,
479,36,17.0,52.651485,31.502636,
480,37,1.0,48.56062,16.103075,
481,37,2.0,45.203106,7.812722,
482,37,3.0,44.90562,30.022068,
483,37,4.0,46.017406,49.79346,
484,37,5.0,58.878826,18.14594,
485,37,6.0,55.755417,47.03415,
486,37,7.0,45.403324,40.96088,
487,37,8.0,52.12068,41.1778,
488,37,10.0,48.2949,19.931059,
489,37,11.0,61.203655,37.372814,
490,37,12.0,48.339386,25.188725,
491,37,13.0,45.166187,25.469883,
492,37,17.0,52.64638,31.493597,
493,38,1.0,48.531895,16.111761,
494,38,2.0,45.201878,7.813053,
495,38,3.0,44.905567,30.027859,
496,38,4.0,46.01748,49.78873,
497,38,5.0,58.849613,18.158325,
498,38,6.0,55.749737,47.036057,
499,38,7.0,45.402344,40.963913,
500,38,8.0,52.113422,41.137688,
501,38,10.0,48.311073,19.927275,
502,38,11.0,61.27029,37.282223,
503,38,12.0,48.33779,25.188961,
504,38,13.0,45.161564,25.482088,
505,38,17.0,52.64159,31.526735,
506,39,1.0,48.511517,16.144243,
507,39,2.0,45.199345,7.827043,
508,39,3.0,44.91256,30.030607,
509,39,4.0,46.02516,49.787273,
510,39,5.0,58.821564,18.161459,
511,39,6.0,55.74765,47.037476,
512,39,7.0,45.409348,40.96545,
513,39,8.0,52.135315,41.08484,
514,39,10.0,48.279617,19.858126,
515,39,11.0,61.32201,37.19623,
516,39,12.0,48.341,25.156166,
517,39,13.0,45.175674,25.471199,
518,39,17.0,52.636913,31.575294,
519,39,21.0,47.775448,27.840113,
520,40,1.0,48.498043,16.15569,
521,40,2.0,45.200474,7.8187366,
522,40,3.0,44.91041,30.067522,
523,40,4.0,46.02044,49.78687,
524,40,5.0,58.80499,18.177195,
525,40,6.0,55.75133,47.08015,
526,40,7.0,45.412006,40.966095,
527,40,8.0,52.120922,41.084606,
528,40,10.0,48.267982,19.83287,
529,40,11.0,61.36089,37.13009,
530,40,12.0,48.34481,25.179266,
531,40,13.0,45.18106,25.46714,
532,40,17.0,52.63383,31.611576,
533,40,21.0,47.803596,27.830364,
534,40,16.0,40.685783,22.384607,
535,41,1.0,48.495308,16.144869,
536,41,2.0,45.20497,7.8303285,
537,41,3.0,44.916576,30.08192,
538,41,4.0,46.01614,49.808895,
539,41,5.0,58.78852,18.167294,
540,41,6.0,55.752777,47.09672,
541,41,7.0,45.413006,40.966393,
542,41,8.0,52.115574,41.085365,
543,41,10.0,48.268356,19.840767,
544,41,11.0,61.408325,37.053974,
545,41,12.0,48.35948,25.189821,
546,41,13.0,45.169357,25.516073,
547,41,17.0,52.621082,31.606472,
548,41,21.0,47.810665,27.847229,
549,42,1.0,48.486664,16.154799,
550,42,2.0,45.200558,7.8338146,
551,42,3.0,44.911915,30.08662,
552,42,4.0,46.017033,49.795376,
553,42,5.0,58.76623,18.146997,
554,42,6.0,55.759087,47.124084,
555,42,7.0,45.41336,40.96655,
556,42,8.0,52.11897,41.106403,
557,42,10.0,48.2623,19.843746,
558,42,11.0,61.44861,37.082485,
559,42,12.0,48.339813,25.293371,
560,42,13.0,45.162598,25.551659,
561,42,17.0,52.605194,31.657314,
562,43,1.0,48.498283,16.145048,
563,43,2.0,45.184566,7.846969,
564,43,3.0,44.910137,30.088182,
565,43,4.0,46.014885,49.812347,
566,43,5.0,58.7476,18.123535,
567,43,6.0,55.760166,47.155346,
568,43,7.0,45.41101,40.986763,
569,43,8.0,52.113354,41.114838,
570,43,10.0,48.250004,19.876278,
571,43,11.0,61.476654,37.059574,
572,43,12.0,48.327732,25.315262,
573,43,13.0,45.16931,25.49689,
574,43,17.0,52.59791,31.694218,
575,44,1.0,48.509308,16.142069,
576,44,2.0,45.178535,7.8519535,
577,44,3.0,44.902496,30.088018,
578,44,4.0,46.01409,49.818905,
579,44,5.0,58.734543,18.128948,
580,44,6.0,55.763226,47.125576,
581,44,7.0,45.410103,40.994423,
582,44,8.0,52.10795,41.15793,
583,44,10.0,48.247505,19.873446,
584,44,11.0,61.50573,37.03539,
585,44,12.0,48.32687,25.290407,
586,44,13.0,45.171864,25.476128,
587,44,17.0,52.580578,31.724514,
588,44,22.0,47.95011,7.1747837,
589,45,1.0,48.520092,16.141663,
590,45,2.0,45.176346,7.8537807,
591,45,3.0,44.899624,30.08777,
592,45,4.0,46.013817,49.8214,
593,45,5.0,58.718597,18.13001,
594,45,6.0,55.75022,47.114113,
595,45,7.0,45.39992,41.017094,
596,45,8.0,52.114788,41.15518,
597,45,10.0,48.238483,19.887703,
598,45,11.0,61.542236,36.992958,
599,45,12.0,48.332413,25.230465,
600,45,13.0,45.166103,25.467575,
601,45,17.0,52.56652,31.824492,
602,45,22.0,47.943146,7.17368,
603,45,16.0,40.66631,22.308071,
604,45,21.0,47.766037,27.825163,
605,46,1.0,48.524433,16.14145,
606,46,2.0,45.177696,7.8406825,
607,46,3.0,44.898582,30.087515,
608,46,4.0,46.003574,49.844273,
609,46,5.0,58.70404,18.08521,
610,46,6.0,55.75373,47.089325,
611,46,7.0,45.41078,41.026123,
612,46,8.0,52.117447,41.154396,
613,46,10.0,48.235317,19.893536,
614,46,11.0,61.58094,36.961708,
615,46,12.0,48.332508,25.224829,
616,46,13.0,45.163914,25.464418,
617,46,17.0,52.561607,31.861603,
618,46,22.0,47.9387,7.189135,
619,46,16.0,40.65258,22.28377,
620,47,1.0,48.524437,16.156298,
621,47,2.0,45.182358,7.850389,
622,47,3.0,44.90281,30.105738,
623,47,4.0,46.009884,49.830997,
624,47,5.0,58.700012,18.054016,
625,47,6.0,55.7775,47.05997,
626,47,7.0,45.410053,41.008957,
627,47,8.0,52.134315,41.13511,
628,47,10.0,48.283184,19.869738,
629,47,11.0,61.6217,36.89832,
630,47,12.0,48.30942,25.305637,
631,47,13.0,45.156216,25.51413,
632,47,17.0,52.563267,31.838772,
633,47,22.0,47.94228,7.21038,
634,48,1.0,48.532734,16.147635,
635,48,2.0,45.184174,7.854024,
636,48,3.0,44.916153,30.0773,
637,48,4.0,46.009834,49.847874,
638,48,5.0,58.680756,18.055117,
639,48,6.0,55.786503,47.0491,
640,48,7.0,45.41955,40.98258,
641,48,8.0,52.133606,41.127823,
642,48,10.0,48.27564,19.858055,
643,48,11.0,61.649693,36.840378,
644,48,12.0,48.30272,25.319355,
645,48,13.0,45.164734,25.499733,
646,48,17.0,52.578728,31.740782,
647,48,22.0,47.935097,7.2306614,
648,49,1.0,48.535995,16.144274,
649,49,2.0,45.184906,7.855354,
650,49,3.0,44.91884,30.084204,
651,49,4.0,46.019966,49.83231,
652,49,5.0,58.66821,18.055387,
653,49,6.0,55.796844,47.045475,
654,49,7.0,45.42315,40.972473,
655,49,8.0,52.140335,41.125637,
656,49,10.0,48.279324,19.85479,
657,49,11.0,61.68511,36.803574,
658,49,12.0,48.296364,25.357761,
659,49,13.0,45.165684,25.511223,
660,49,17.0,52.57961,31.68575,
661,49,22.0,47.934635,7.2226787,
662,50,1.0,48.537304,16.14297,
663,50,2.0,45.18522,7.855804,
664,50,3.0,44.92221,30.068834,
665,50,4.0,46.01367,49.848244,
666,50,5.0,58.654045,18.025116,
667,50,6.0,55.792255,47.064945,
668,50,7.0,45.421993,40.98881,
669,50,8.0,52.14284,41.125072,
670,50,10.0,48.27616,19.837301,
671,50,11.0,61.723907,36.756603,
672,50,12.0,48.296005,25.355444,
673,50,13.0,45.16605,25.515509,
674,50,17.0,52.581673,31.647131,
675,50,22.0,47.93271,7.2334247,
676,51,1.0,48.53786,16.142443,
677,51,2.0,45.18536,7.855922,
678,51,3.0,44.92343,30.063017,
679,51,4.0,46.0113,49.85419,
680,51,5.0,58.644253,17.998781,
681,51,6.0,55.79037,47.072582,
682,51,7.0,45.419025,41.015205,
683,51,8.0,52.142044,41.144775,
684,51,10.0,48.26856,19.830353,
685,51,11.0,61.762096,36.759827,
686,51,12.0,48.290104,25.404547,
687,51,13.0,45.179737,25.518335,
688,51,17.0,52.57755,31.614485,
689,51,22.0,47.925926,7.2359233,
690,52,1.0,48.54253,16.15796,
691,52,2.0,45.17723,7.8686953,
692,52,3.0,44.923843,30.060816,
693,52,4.0,46.01041,49.85635,
694,52,6.0,55.796627,47.075764,
695,52,7.0,45.420345,41.00496,
696,52,8.0,52.14869,41.152657,
697,52,10.0,48.26383,19.843834,
698,52,11.0,61.7937,36.78194,
699,52,12.0,48.285305,25.388786,
700,52,13.0,45.171375,25.518042,
701,52,17.0,52.57611,31.602322,
702,52,22.0,47.92356,7.236447,
703,53,1.0,48.54436,16.16385,
704,53,2.0,45.17419,7.8734617,
705,53,3.0,44.923946,30.060005,
706,53,4.0,46.010094,49.857063,
707,53,6.0,55.8143,47.056694,
708,53,7.0,45.418343,41.021122,
709,53,8.0,52.151157,41.155743,
710,53,10.0,48.266655,19.865803,
711,53,11.0,61.82522,36.73857,
712,53,12.0,48.292854,25.416832,
713,53,13.0,45.174946,25.518484,
714,53,17.0,52.583855,31.580944,
715,53,22.0,47.922817,7.236309,
716,53,5.0,58.612354,17.98346,
717,54,1.0,48.55212,16.212614,
718,54,2.0,45.17714,7.8898196,
719,54,3.0,44.93785,30.060823,
720,54,4.0,46.01763,49.85732,
721,54,6.0,55.82082,47.04965,
722,54,7.0,45.429775,41.047825,
723,54,8.0,52.14165,41.195953,
724,54,10.0,48.300156,19.877993,
725,54,11.0,61.863686,36.652508,
726,54,12.0,48.29585,25.427164,
727,54,13.0,45.17858,25.501612,
728,54,17.0,52.58535,31.59075,
729,54,22.0,47.928734,7.236938,
730,54,5.0,58.606163,17.996904,
731,55,1.0,48.54879,16.230045,
732,55,2.0,45.178314,7.895903,
733,55,3.0,44.936092,30.060612,
734,55,4.0,46.02049,49.857323,
735,55,6.0,55.83276,47.00608,
736,55,7.0,45.426697,41.057507,
737,55,8.0,52.14669,41.191803,
738,55,10.0,48.31912,19.883375,
739,55,11.0,61.92314,36.57021,
740,55,12.0,48.297066,25.430666,
741,55,13.0,45.173172,25.494564,
742,55,17.0,52.585995,31.594841,
743,55,22.0,47.932858,7.2233257,
744,55,5.0,58.599174,17.986443,
745,56,1.0,48.547504,16.236357,
746,56,2.0,45.18493,7.898981,
747,56,3.0,44.935333,30.060555,
748,56,4.0,46.01905,49.87922,
749,56,6.0,55.82833,46.90764,
750,56,7.0,45.42549,41.06089,
751,56,8.0,52.15559,41.1904,
752,56,10.0,48.332542,19.886175,
753,56,11.0,61.946465,36.467865,
754,56,12.0,48.308094,25.398808,
755,56,13.0,45.175552,25.509466,
756,56,17.0,52.59951,31.597712,
757,56,22.0,47.928432,7.2171154,
758,56,5.0,58.582882,17.921968,
759,57,1.0,48.55328,16.239214,
760,57,2.0,45.185364,7.913714,
761,57,3.0,44.928013,30.060003,
762,57,4.0,46.020992,49.865364,
763,57,6.0,55.84992,46.830345,
764,57,7.0,45.422543,41.08205,
765,57,8.0,52.16421,41.20977,
766,57,10.0,48.343884,19.887995,
767,57,11.0,62.00146,36.344124,
768,57,12.0,48.29585,25.469772,
769,57,13.0,45.178623,25.549799,
770,57,17.0,52.604694,31.599062,
771,57,22.0,47.9268,7.2146754,
772,57,5.0,58.571377,17.897406,
773,58,1.0,48.553623,16.254969,
774,58,2.0,45.18553,7.919098,
775,58,3.0,44.92976,30.078255,
776,58,4.0,46.0167,49.903976,
777,58,6.0,55.86058,46.76089,
778,58,7.0,45.42139,41.089825,
779,58,8.0,52.17269,41.236877,
780,58,10.0,48.345993,19.9044,
781,58,11.0,62.07981,36.249065,
782,58,12.0,48.278145,25.494667,
783,58,17.0,52.60665,31.599796,
784,58,22.0,47.92443,7.227197,
785,58,5.0,58.550014,17.886494,
786,59,1.0,48.553734,16.260628,
787,59,2.0,45.183506,7.93468,
788,59,3.0,44.925835,30.06675,
789,59,4.0,46.015057,49.918476,
790,59,6.0,55.864437,46.73517,
791,59,7.0,45.42094,41.092457,
792,59,8.0,52.175793,41.24698,
793,59,10.0,48.333637,19.909111,
794,59,11.0,62.16174,36.1284,
795,59,12.0,48.271442,25.503668,
796,59,17.0,52.60582,31.617897,
797,59,22.0,47.923588,7.231859,
798,59,5.0,58.535732,17.89703,
799,59,13.0,45.179993,25.567842,
800,60,1.0,48.568092,16.249073,
801,60,2.0,45.1869,7.9128823,
802,60,3.0,44.931274,30.062864,
803,60,4.0,46.006798,49.923626,
804,60,6.0,55.903057,46.686462,
805,60,7.0,45.420765,41.09316,
806,60,8.0,52.182167,41.270527,
807,60,10.0,48.333344,19.92731,
808,60,11.0,62.22512,35.998047,
809,60,12.0,48.265102,25.539972,
810,60,17.0,52.605476,31.624886,
811,60,22.0,47.919136,7.219053,
812,60,5.0,58.518307,17.914734,
813,60,13.0,45.18479,25.589315,
814,61,1.0,48.579792,16.245152,
815,61,2.0,45.18819,7.9044113,
816,61,3.0,44.935493,30.097763,
817,61,4.0,46.01897,49.925472,
818,61,6.0,55.91752,46.669106,
819,61,7.0,45.42069,41.093155,
820,61,8.0,52.18274,41.298874,
821,61,10.0,48.328587,19.917591,
822,61,11.0,62.295986,35.81095,
823,61,12.0,48.26087,25.56995,
824,61,17.0,52.597164,31.644737,
825,61,22.0,47.911533,7.2132173,
826,61,13.0,45.19099,25.61456,
827,62,1.0,48.58856,16.259272,
828,62,2.0,45.1763,7.941332,
829,62,3.0,44.948593,30.129908,
830,62,4.0,46.013447,49.94782,
831,62,6.0,55.913002,46.704597,
832,62,7.0,45.42066,41.092915,
833,62,8.0,52.17576,41.30885,
834,62,10.0,48.326653,19.91375,
835,62,11.0,62.333202,35.745064,
836,62,12.0,48.251583,25.647518,
837,62,17.0,52.58585,31.669382,
838,62,22.0,47.906933,7.224437,
839,63,1.0,48.598034,16.26519,
840,63,2.0,45.171795,7.9551864,
841,63,3.0,44.953487,30.141893,
842,63,4.0,46.01135,49.956005,
843,63,6.0,55.917915,46.7194,
844,63,7.0,45.425518,41.11306,
845,63,8.0,52.171345,41.33195,
846,63,10.0,48.325825,19.912199,
847,63,11.0,62.40454,35.6558,
848,63,12.0,48.258575,25.643858,
849,63,17.0,52.58354,31.731941,
850,63,22.0,47.91728,7.230563,
851,64,1.0,48.593315,16.281435,
852,64,2.0,45.170143,7.960168,
853,64,3.0,44.955223,30.146132,
854,64,4.0,46.010567,49.95877,
855,64,6.0,55.912403,46.725574,
856,64,7.0,45.427345,41.12045,
857,64,8.0,52.17131,41.320496,
858,64,10.0,48.329994,19.928026,
859,64,11.0,62.434914,35.644268,
860,64,12.0,48.257595,25.67472,
861,64,17.0,52.581173,31.773298,
862,64,22.0,47.923058,7.2193284,
863,65,1.0,48.57077,16.299913,
864,65,2.0,45.163437,7.960837,
865,65,3.0,44.944004,30.182806,
866,65,4.0,46.007782,49.981556,
867,65,6.0,55.894665,46.74886,
868,65,7.0,45.41821,41.1428,
869,65,8.0,52.17293,41.29612,
870,65,10.0,48.276833,20.007677,
871,65,11.0,62.47637,35.62854,
872,65,12.0,48.22846,25.818316,
873,65,17.0,52.57217,31.805695,
874,65,22.0,47.923466,7.2284856,
875,65,16.0,40.67086,22.507545,
876,66,1.0,48.560326,16.321596,
877,66,2.0,45.158882,7.9745975,
878,66,3.0,44.937294,30.214275,
879,66,4.0,46.00425,50.011818,
880,66,6.0,55.885185,46.799225,
881,66,7.0,45.40736,41.150677,
882,66,8.0,52.17349,41.286472,
883,66,10.0,48.25976,20.068586,
884,66,11.0,62.548874,35.574554,
885,66,12.0,48.223408,25.822014,
886,66,17.0,52.56882,31.817469,
887,66,22.0,47.921833,7.245407,
888,66,16.0,40.66999,22.47826,
889,67,1.0,48.554497,16.34453,
890,67,2.0,45.15724,7.9795537,
891,67,3.0,44.937122,30.207708,
892,67,4.0,46.0106,50.02299,
893,67,6.0,55.88145,46.81869,
894,67,7.0,45.4033,41.15332,
895,67,8.0,52.170284,41.322044,
896,67,10.0,48.25397,20.138893,
897,67,11.0,62.59403,35.5225,
898,67,12.0,48.233936,25.773512,
899,67,17.0,52.556385,31.873781,
900,67,22.0,47.92123,7.2516994,
901,67,16.0,40.67664,22.469631,
902,68,1.0,48.556786,16.368668,
903,68,2.0,45.171043,7.9693317,
904,68,3.0,44.939438,30.186905,
905,68,4.0,46.013023,50.02676,
906,68,6.0,55.87995,46.826202,
907,68,7.0,45.41407,41.17477,
908,68,8.0,52.169037,41.33526,
909,68,10.0,48.286102,20.200876,
910,68,11.0,62.646873,35.50808,
911,68,12.0,48.229794,25.769217,
912,68,17.0,52.559944,31.877426,
913,68,22.0,47.925213,7.26841,
914,68,16.0,40.684654,22.432617,
915,69,1.0,48.557686,16.377296,
916,69,2.0,45.176323,7.965246,
917,69,3.0,44.9405,30.124598,
918,69,4.0,46.013943,50.02775,
919,69,6.0,55.87802,46.849678,
920,69,7.0,45.413303,41.162144,
921,69,8.0,52.175552,41.340237,
922,69,10.0,48.309864,20.241152,
923,69,11.0,62.751377,35.350197,
924,69,12.0,48.217136,25.748672,
925,69,17.0,52.55168,31.912958,
926,69,22.0,47.92672,7.274522,
927,69,16.0,40.69175,22.435886,
928,70,1.0,48.524834,16.39112,
929,70,2.0,45.16806,7.9900026,
930,70,3.0,44.940884,30.10094,
931,70,4.0,46.009266,50.07181,
932,70,6.0,55.861843,46.878902,
933,70,7.0,45.420387,41.157288,
934,70,8.0,52.169285,41.361214,
935,70,10.0,48.323708,20.432116,
936,70,11.0,62.85538,35.36821,
937,70,12.0,48.171432,25.975111,
938,70,17.0,52.54047,31.942955,
939,70,22.0,47.92728,7.2766366,
940,70,16.0,40.67498,22.469172,
941,71,1.0,48.477238,16.42203,
942,71,2.0,45.181225,8.015773,
943,71,3.0,44.954815,30.092957,
944,71,4.0,46.0075,50.088036,
945,71,6.0,55.85573,46.889805,
946,71,7.0,45.423126,41.094433,
947,71,8.0,52.166878,41.36881,
948,71,10.0,48.328087,20.454952,
949,71,12.0,48.148724,26.108788,
950,71,17.0,52.537926,31.9358,
951,71,22.0,47.919743,7.2897224,
952,71,16.0,40.676876,22.431293,
953,71,13.0,44.87734,25.874912,
954,72,1.0,48.416183,16.47364,
955,72,2.0,45.184147,8.03904,
956,72,3.0,44.953217,30.08948,
957,72,4.0,46.01701,50.07167,
958,72,6.0,55.84511,46.91421,
959,72,7.0,45.42912,41.029823,
960,72,8.0,52.151897,41.370728,
961,72,12.0,48.118282,26.123255,
962,72,17.0,52.532043,31.9142,
963,72,22.0,47.897717,7.346436,
964,72,16.0,40.6886,22.520357,
965,73,1.0,48.394306,16.538729,
966,73,2.0,45.205647,8.078852,
967,73,3.0,44.964016,30.107224,
968,73,4.0,46.012947,50.06487,
969,73,6.0,55.834126,46.922993,
970,73,7.0,45.436253,40.965794,
971,73,8.0,52.128582,41.330765,
972,73,12.0,48.082066,26.106586,
973,73,17.0,52.533104,31.869837,
974,73,22.0,47.884068,7.4077954,
975,74,1.0,48.34844,16.664898,
976,74,2.0,45.226032,8.095308,
977,74,3.0,44.981964,30.115173,
978,74,4.0,46.044586,50.040176,
979,74,6.0,55.835857,46.946835,
980,74,7.0,45.451313,40.901585,
981,74,8.0,52.119865,41.315334,
982,74,12.0,47.968487,26.380053,
983,74,17.0,52.527027,31.852272,
984,74,22.0,47.863434,7.455755,
985,74,10.0,47.917076,21.196642,
986,74,13.0,44.49588,26.625006,
987,75,1.0,48.30546,16.617462,
988,75,2.0,45.23771,8.073158,
989,75,3.0,44.98165,30.11766,
990,75,4.0,46.053814,49.986217,
991,75,6.0,55.82828,46.975937,
992,75,7.0,45.46185,40.837414,
993,75,8.0,52.102657,41.308914,
994,75,12.0,47.85669,26.63763,
995,75,17.0,52.50685,31.897549,
996,75,22.0,47.831177,7.5657625,
997,75,13.0,44.37367,26.856737,
998,76,1.0,48.16511,16.687788,
999,76,2.0,45.250114,8.0515585,
1000,76,3.0,45.004814,30.048151,
1001,76,4.0,46.056976,49.899006,
1002,76,6.0,55.82554,46.986538,
1003,76,7.0,45.518063,40.817116,
1004,76,8.0,52.103508,41.30677,
1005,76,12.0,47.788124,26.721453,
1006,76,17.0,52.48607,31.913424,
1007,76,22.0,47.789597,7.643645,
1008,76,13.0,44.30497,26.83772,
1009,76,10.0,47.78377,20.835752,
1010,77,1.0,48.040577,16.78039,
1011,77,2.0,45.269012,8.031064,
1012,77,3.0,45.006493,30.021671,
1013,77,4.0,46.07861,49.82205,
1014,77,6.0,55.82332,47.010742,
1015,77,7.0,45.583042,40.812565,
1016,77,8.0,52.109333,41.326008,
1017,77,12.0,47.85423,26.19759,
1018,77,17.0,52.481655,31.883287,
1019,77,22.0,47.745895,7.653073,
1020,77,13.0,44.207214,26.66526,
1021,77,10.0,47.731777,20.698078,
1022,78,1.0,47.86125,16.662859,
1023,78,2.0,45.27363,8.037184,
1024,78,3.0,45.0227,30.102535,
1025,78,4.0,46.078564,49.79426,
1026,78,6.0,55.82262,47.019375,
1027,78,7.0,45.646706,40.793106,
1028,78,8.0,52.127804,41.393555,
1029,78,12.0,47.859325,25.837545,
1030,78,17.0,52.4819,31.853735,
1031,78,22.0,47.713413,7.597117,
1032,78,13.0,44.07226,26.674118,
1033,78,10.0,47.616962,20.648771,
1034,79,1.0,47.54563,16.675686,
1035,79,2.0,45.32289,8.0610485,
1036,79,3.0,45.042717,30.135427,
1037,79,4.0,46.07564,49.740105,
1038,79,6.0,55.81805,46.98056,
1039,79,7.0,45.739082,40.831226,
1040,79,8.0,52.113514,41.338646,
1041,79,17.0,52.463684,31.823168,
1042,79,22.0,47.67769,7.5710235,
1043,79,13.0,43.965664,26.634361,
1044,79,10.0,47.490837,20.618565,
1045,79,23.0,47.166985,28.599985,
1046,79,5.0,58.12319,17.790838,
1047,80,1.0,47.469147,16.639036,
1048,80,2.0,45.374264,8.060388,
1049,80,3.0,45.059452,30.075573,
1050,80,4.0,46.115803,49.699062,
1051,80,6.0,55.81204,46.92407,
1052,80,7.0,45.879433,40.89196,
1053,80,8.0,52.092453,41.33674,
1054,80,17.0,52.461926,31.758057,
1055,80,22.0,47.673515,7.5896926,
1056,80,13.0,43.877663,26.630432,
1057,80,10.0,47.25113,21.022688,
1058,80,23.0,47.00979,28.855946,
1059,80,5.0,58.106575,17.74154,
1060,80,11.0,63.70784,34.15915,
1061,80,12.0,47.69702,25.616982,
1062,81,1.0,47.34762,16.719542,
1063,81,2.0,45.446693,8.0395155,
1064,81,3.0,45.102623,29.984144,
1065,81,4.0,46.171738,49.66312,
1066,81,6.0,55.791294,46.860504,
1067,81,7.0,46.017292,40.91777,
1068,81,8.0,52.063488,41.335056,
1069,81,17.0,52.43787,31.696177,
1070,81,22.0,47.674545,7.582424,
1071,81,13.0,43.79966,26.571135,
1072,81,10.0,46.970978,21.273945,
1073,81,5.0,58.069542,17.751225,
1074,81,11.0,63.80059,34.132828,
1075,81,12.0,47.605312,25.392778,
1076,82,1.0,47.210865,16.722645,
1077,82,2.0,45.51369,8.009723,
1078,82,3.0,45.182446,29.899261,
1079,82,4.0,46.21541,49.65143,
1080,82,6.0,55.7637,46.815506,
1081,82,7.0,46.103954,40.929203,
1082,82,8.0,52.043873,41.274506,
1083,82,17.0,52.398518,31.563545,
1084,82,22.0,47.680164,7.6350603,
1085,82,13.0,43.732353,26.491547,
1086,82,10.0,46.847084,21.205343,
1087,82,11.0,63.844154,33.9024,
1088,82,12.0,47.4974,25.272863,
1089,83,2.0,45.578953,8.019238,
1090,83,3.0,45.29008,29.80285,
1091,83,4.0,46.267075,49.603615,
1092,83,6.0,55.728096,46.757145,
1093,83,7.0,46.170902,40.935066,
1094,83,8.0,52.062912,41.193745,
1095,83,17.0,52.357735,31.512976,
1096,83,22.0,47.719124,7.660162,
1097,83,13.0,43.5929,26.55302,
1098,83,10.0,46.636875,21.160645,
1099,83,11.0,63.854435,33.767296,
1100,83,12.0,47.420788,25.209373,
1101,84,2.0,45.653988,8.016551,
1102,84,3.0,45.31798,29.854784,
1103,84,4.0,46.338863,49.52118,
1104,84,6.0,55.67673,46.672832,
1105,84,7.0,46.26674,40.940292,
1106,84,8.0,52.05285,41.123856,
1107,84,17.0,52.30765,31.510323,
1108,84,22.0,47.75269,7.6716356,
1109,84,13.0,43.41885,26.65322,
1110,84,11.0,63.87026,33.87161,
1111,84,5.0,57.872963,17.828268,
1112,84,1.0,46.563526,16.870382,
1113,85,2.0,45.769665,7.8420005,
1114,85,3.0,45.39593,29.935453,
1115,85,4.0,46.45133,49.47079,
1116,85,6.0,55.63766,46.517113,
1117,85,7.0,46.349297,40.964375,
1118,85,8.0,52.024902,41.057713,
1119,85,17.0,52.262344,31.436514,
1120,85,22.0,47.788456,7.7348623,
1121,85,13.0,43.29425,26.684141,
1122,85,11.0,63.947,33.906677,
1123,85,24.0,54.35164,23.359554,
1124,85,5.0,57.815556,17.822495,
1125,85,1.0,46.360233,16.924044,
1126,85,10.0,46.376442,21.311121,
1127,85,12.0,47.08276,25.498318,
1128,86,2.0,45.89542,7.751461,
1129,86,3.0,45.546936,30.26595,
1130,86,4.0,46.578857,49.366093,
1131,86,6.0,55.625046,46.439465,
1132,86,7.0,46.490093,41.01847,
1133,86,8.0,52.00388,40.993557,
1134,86,17.0,52.25086,31.28565,
1135,86,22.0,47.847534,7.736776,
1136,86,13.0,43.19584,26.68961,
1137,86,11.0,64.004166,33.927277,
1138,86,24.0,54.256535,23.405937,
1139,86,5.0,57.752083,17.859838,
1140,86,1.0,46.259674,16.830622,
1141,87,2.0,45.975296,7.6537533,
1142,87,3.0,45.689434,30.249811,
1143,87,4.0,46.753994,49.198273,
1144,87,6.0,55.600792,46.286736,
1145,87,7.0,46.64518,41.083282,
1146,87,8.0,51.956146,40.94873,
1147,87,17.0,52.238842,31.1766,
1148,87,22.0,47.917747,7.744144,
1149,87,13.0,43.097523,26.702423,
1150,87,11.0,64.07283,33.941097,
1151,87,24.0,54.174557,23.30088,
1152,87,5.0,57.702988,17.825573,
1153,87,1.0,46.066357,16.790518,
1154,87,12.0,46.723442,25.734882,
1155,88,2.0,46.023403,7.56578,
1156,88,3.0,45.858894,30.068169,
1157,88,4.0,46.908215,49.073097,
1158,88,6.0,55.576637,46.148945,
1159,88,7.0,46.85249,41.072815,
1160,88,8.0,51.94346,40.873856,
1161,88,17.0,52.246334,31.013752,
1162,88,22.0,47.999676,7.7409897,
1163,88,13.0,43.023872,26.597967,
1164,88,11.0,64.119804,33.969765,
1165,88,24.0,54.068977,23.314604,
1166,88,5.0,57.632523,17.805573,
1167,88,1.0,45.859898,16.787453,
1168,88,12.0,46.5172,25.655352,
1169,89,2.0,46.10181,7.5296664,
1170,89,3.0,46.00669,30.064749,
1171,89,4.0,47.051514,48.853275,
1172,89,6.0,55.548126,45.975002,
1173,89,7.0,47.020607,40.94956,
1174,89,8.0,51.92143,40.72835,
1175,89,17.0,52.25125,30.866062,
1176,89,22.0,48.065372,7.8419104,
1177,89,13.0,42.964222,26.55538,
1178,89,11.0,64.198845,33.95108,
1179,89,24.0,53.97133,23.366972,
1180,89,5.0,57.44947,18.03187,
1181,89,1.0,45.64914,16.877829,
1182,90,2.0,46.228672,7.56141,
1183,90,3.0,46.123123,30.068716,
1184,90,4.0,47.135994,48.666927,
1185,90,6.0,55.529587,45.83061,
1186,90,7.0,47.21707,40.711807,
1187,90,8.0,51.918606,40.61706,
1188,90,22.0,48.148216,7.9439697,
1189,90,13.0,42.867615,26.548258,
1190,90,11.0,64.24347,33.94696,
1191,90,24.0,53.874397,23.378153,
1192,90,5.0,57.318375,18.170046,
1193,90,1.0,45.518204,16.951162,
1194,90,25.0,44.866734,28.42734,
1195,91,2.0,46.343063,7.6139297,
1196,91,3.0,46.230698,30.093794,
1197,91,4.0,47.287006,48.58059,
1198,91,6.0,55.510708,45.759304,
1199,91,7.0,47.368565,40.60613,
1200,91,8.0,51.914745,40.614887,
1201,91,22.0,48.207016,8.041207,
1202,91,13.0,42.78658,26.48921,
1203,91,11.0,64.26647,33.768703,
1204,91,24.0,53.77107,23.374168,
1205,91,5.0,57.263798,18.159573,
1206,91,1.0,45.287136,17.00109,
1207,91,25.0,44.71739,28.455889,
1208,91,17.0,52.20154,31.02684,
1209,92,2.0,46.399548,7.6932244,
1210,92,3.0,46.37342,29.985407,
1211,92,4.0,47.45797,48.51018,
1212,92,6.0,55.49839,45.61283,
1213,92,7.0,47.51301,40.530003,
1214,92,8.0,51.884125,40.634747,
1215,92,22.0,48.244637,8.1342745,
1216,92,13.0,42.717964,26.412539,
1217,92,11.0,64.29682,33.778053,
1218,92,24.0,53.666847,23.43322,
1219,92,5.0,57.214207,18.090359,
1220,92,1.0,45.033825,17.075502,
1221,92,25.0,44.524147,28.474762,
1222,92,17.0,52.16308,31.165676,
1223,92,12.0,45.968243,25.08928,
1224,93,2.0,46.466835,7.774287,
1225,93,3.0,46.507084,29.88244,
1226,93,4.0,47.610344,48.338287,
1227,93,6.0,55.48454,45.499493,
1228,93,7.0,47.648895,40.44649,
1229,93,8.0,51.878452,40.664482,
1230,93,22.0,48.30382,8.188935,
1231,93,13.0,42.64551,26.343266,
1232,93,11.0,64.30681,33.678257,
1233,93,24.0,53.519333,23.47578,
1234,93,5.0,57.142723,18.175312,
1235,93,1.0,44.824867,17.15058,
1236,93,17.0,52.140247,31.249527,
1237,93,12.0,45.81371,24.998194,
1238,93,10.0,45.77518,20.1915,
1239,94,2.0,46.53193,7.8112726,
1240,94,3.0,46.665043,29.833931,
1241,94,4.0,47.77051,48.256733,
1242,94,6.0,55.447777,45.4187,
1243,94,7.0,47.802757,40.36186,
1244,94,8.0,51.88397,40.677345,
1245,94,22.0,48.347412,8.266714,
1246,94,13.0,42.53657,26.326056,
1247,94,11.0,64.31632,33.234486,
1248,94,24.0,53.326958,23.542942,
1249,94,5.0,57.04904,18.168627,
1250,94,17.0,52.118645,31.133316,
1251,95,2.0,46.60682,7.890511,
1252,95,3.0,46.78966,29.716856,
1253,95,4.0,47.881504,48.145,
1254,95,6.0,55.42599,45.310265,
1255,95,7.0,47.925095,40.295223,
1256,95,8.0,51.88317,40.72377,
1257,95,22.0,48.385258,8.353303,
1258,95,13.0,42.46264,26.230127,
1259,95,11.0,64.29712,33.09715,
1260,95,24.0,53.16819,23.506336,
1261,95,5.0,56.944656,18.245827,
1262,95,17.0,52.06379,31.24712,
1263,95,25.0,43.878212,28.581291,
1264,96,2.0,46.703865,7.94505,
1265,96,3.0,46.914635,29.625574,
1266,96,4.0,48.024334,47.958633,
1267,96,6.0,55.41695,45.191635,
1268,96,7.0,48.07322,40.21726,
1269,96,8.0,51.85654,40.801132,
1270,96,22.0,48.472206,8.381188,
1271,96,13.0,42.353634,26.152103,
1272,96,11.0,64.340195,33.068333,
1273,96,24.0,53.00816,23.514366,
1274,96,5.0,56.887405,18.225756,
1275,96,17.0,52.03992,31.183897,
1276,96,25.0,43.61116,28.573843,
1277,97,2.0,46.785908,7.9720545,
1278,97,3.0,47.03306,29.597744,
1279,97,4.0,48.141155,47.892826,
1280,97,6.0,55.43365,45.06994,
1281,97,7.0,48.198242,40.173115,
1282,97,8.0,51.86364,40.810772,
1283,97,22.0,48.5649,8.483257,
1284,97,13.0,42.221504,26.234669,
1285,97,11.0,64.39493,32.910625,
1286,97,24.0,52.880814,23.54233,
1287,97,5.0,56.81276,18.240765,
1288,97,25.0,43.41145,28.5813,
1289,98,2.0,46.938988,8.04459,
1290,98,3.0,47.17183,29.632133,
1291,98,4.0,48.25987,47.830986,
1292,98,6.0,55.451855,44.9673,
1293,98,7.0,48.338566,40.182262,
1294,98,8.0,51.83973,40.793224,
1295,98,22.0,48.671066,8.6304245,
1296,98,13.0,42.079723,26.242313,
1297,98,11.0,64.41638,32.753727,
1298,98,24.0,52.73933,23.57465,
1299,98,5.0,56.67077,18.365953,
1300,98,25.0,43.184593,28.55113,
1301,99,2.0,47.087067,8.011967,
1302,99,3.0,47.28412,29.687086,
1303,99,4.0,48.38438,47.79168,
1304,99,6.0,55.45899,44.932106,
1305,99,7.0,48.4926,40.27083,
1306,99,8.0,51.83278,40.767586,
1307,99,22.0,48.774857,8.691203,
1308,99,13.0,41.88075,26.301762,
1309,99,11.0,64.40795,32.612427,
1310,99,24.0,52.613243,23.594318,
1311,99,5.0,56.572086,18.406511,
1312,99,25.0,42.927216,28.50651,
1313,99,26.0,39.31224,24.229067,
1314,99,27.0,40.335213,21.215082,
1315,100,2.0,47.319515,8.126602,
1316,100,3.0,47.445988,29.825544,
1317,100,4.0,48.507908,47.71798,
1318,100,6.0,55.46922,44.9233,
1319,100,7.0,48.597034,40.36848,
1320,100,8.0,51.82535,40.73809,
1321,100,22.0,48.927505,8.813753,
1322,100,13.0,41.72433,26.369444,
1323,100,11.0,64.40905,32.576225,
1324,100,24.0,52.462578,23.655684,
1325,100,5.0,56.438896,18.453474,
1326,100,25.0,42.742565,28.409338,
1327,100,26.0,39.238792,24.258522,
1328,100,27.0,40.34358,21.223858,
1329,100,17.0,51.937435,31.074894,
1330,101,2.0,47.479546,8.194514,
1331,101,3.0,47.574894,29.795227,
1332,101,4.0,48.68485,47.610844,
1333,101,6.0,55.469093,44.88272,
1334,101,7.0,48.707947,40.567753,
1335,101,8.0,51.81973,40.920837,
1336,101,22.0,49.034496,8.977933,
1337,101,13.0,41.58304,26.492525,
1338,101,11.0,64.38935,32.614876,
1339,101,5.0,56.343975,18.463808,
1340,101,25.0,42.572075,28.291893,
1341,101,26.0,39.172626,24.264336,
1342,101,27.0,40.365932,21.208912,
1343,101,17.0,51.924267,31.11983,
1344,102,2.0,47.6105,8.258615,
1345,102,3.0,47.723766,29.828207,
1346,102,4.0,48.851353,47.491146,
1347,102,6.0,55.470604,44.850067,
1348,102,7.0,48.838974,40.709938,
1349,102,8.0,51.80757,41.033157,
1350,102,22.0,49.13204,9.144867,
1351,102,13.0,41.50025,26.65945,
1352,102,11.0,64.4115,32.570843,
1353,102,5.0,56.292904,18.389,
1354,102,26.0,39.070408,24.375332,
1355,102,27.0,40.38504,21.22468,
1356,102,17.0,51.918495,31.153141,
1357,102,24.0,52.18789,23.719002,
1358,103,2.0,47.764797,8.298184,
1359,103,3.0,47.90715,29.833792,
1360,103,4.0,49.000652,47.42935,
1361,103,6.0,55.458855,44.8203,
1362,103,7.0,49.012974,40.76756,
1363,103,8.0,51.823025,41.094677,
1364,103,22.0,49.30714,9.120613,
1365,103,13.0,41.512802,26.886997,
1366,103,11.0,64.43046,32.592293,
1367,103,5.0,56.22067,18.305264,
1368,103,26.0,38.987164,24.349499,
1369,103,27.0,40.362774,21.301802,
1370,103,17.0,51.922493,31.18423,
1371,103,24.0,52.033356,23.70231,
1372,103,1.0,42.26018,18.706085,
1373,104,2.0,47.918327,8.298105,
1374,104,3.0,48.02646,29.894234,
1375,104,4.0,49.11051,47.495373,
1376,104,6.0,55.45169,44.751114,
1377,104,7.0,49.165306,40.872414,
1378,104,8.0,51.82729,41.13641,
1379,104,22.0,49.417236,9.146969,
1380,104,13.0,41.432922,27.033976,
1381,104,11.0,64.47566,32.487133,
1382,104,5.0,56.14716,18.205479,
1383,104,26.0,38.915615,24.426521,
1384,104,27.0,40.350456,21.308374,
1385,104,17.0,51.95882,31.198313,
1386,104,1.0,42.054535,18.993086,
1387,105,2.0,48.042118,8.120364,
1388,105,3.0,48.149612,30.032234,
1389,105,4.0,49.257908,47.52658,
1390,105,6.0,55.46057,44.768864,
1391,105,7.0,49.326153,40.83387,
1392,105,8.0,51.815132,41.15064,
1393,105,22.0,49.539974,9.20904,
1394,105,13.0,41.33902,27.063543,
1395,105,11.0,64.50218,32.534855,
1396,105,5.0,56.06033,18.025368,
1397,105,26.0,38.83119,24.465572,
1398,105,27.0,40.338505,21.398022,
1399,105,17.0,51.99904,31.150145,
1400,105,1.0,41.87228,19.173344,
1401,106,2.0,48.27199,8.031253,
1402,106,3.0,48.28473,30.10946,
1403,106,4.0,49.41912,47.542477,
1404,106,6.0,55.44704,44.716694,
1405,106,7.0,49.419537,40.860806,
1406,106,8.0,51.81259,41.21431,
1407,106,22.0,49.633343,9.208573,
1408,106,13.0,41.260105,27.368944,
1409,106,11.0,64.53073,32.49064,
1410,106,5.0,55.98895,17.95346,
1411,106,26.0,38.786522,24.405602,
1412,106,27.0,40.34874,21.430353,
1413,106,17.0,52.011986,31.151382,
1414,106,1.0,41.69997,19.386984,
1415,106,12.0,44.605,24.904003,
1416,107,2.0,48.460243,7.9200077,
1417,107,3.0,48.437874,30.163136,
1418,107,4.0,49.562405,47.489124,
1419,107,6.0,55.453358,44.638718,
1420,107,7.0,49.547626,40.89411,
1421,107,8.0,51.82243,41.19795,
1422,107,22.0,49.69731,9.181984,
1423,107,13.0,41.08205,27.3433,
1424,107,11.0,64.52532,32.6447,
1425,107,5.0,55.898067,17.934235,
1426,107,26.0,38.717766,24.324982,
1427,107,27.0,40.36838,21.389172,
1428,107,17.0,52.00113,31.095545,
1429,107,1.0,41.553505,19.517178,
1430,107,12.0,44.57111,24.766008,
1431,108,2.0,48.534836,7.78403,
1432,108,3.0,48.67376,30.031626,
1433,108,4.0,49.699223,47.323746,
1434,108,6.0,55.469585,44.51099,
1435,108,7.0,49.6577,40.80889,
1436,108,8.0,51.833134,41.112514,
1437,108,22.0,49.780483,9.05253,
1438,108,13.0,40.938625,27.308043,
1439,108,11.0,64.51185,32.603123,
1440,108,5.0,55.803608,17.965534,
1441,108,26.0,38.622097,24.217098,
1442,108,17.0,52.000652,31.040165,
1443,108,12.0,44.54923,24.635645,
1444,109,2.0,48.704693,7.7541337,
1445,109,3.0,48.817314,29.918821,
1446,109,4.0,49.878628,47.18222,
1447,109,6.0,55.49342,44.30484,
1448,109,7.0,49.78153,40.759953,
1449,109,8.0,51.866924,40.982086,
1450,109,22.0,49.857418,9.053801,
1451,109,13.0,40.795296,27.15923,
1452,109,11.0,64.53961,32.42115,
1453,109,5.0,55.701656,18.015137,
1454,109,26.0,38.541832,24.152924,
1455,109,17.0,51.98364,30.98292,
1456,109,12.0,44.540955,24.503946,
1457,110,2.0,48.87855,7.8455825,
1458,110,3.0,48.959576,29.830168,
1459,110,4.0,50.027733,47.069958,
1460,110,6.0,55.536312,44.031254,
1461,110,7.0,49.951305,40.74641,
1462,110,8.0,51.88673,40.93279,
1463,110,13.0,40.642967,27.075832,
1464,110,11.0,64.5731,32.390255,
1465,110,5.0,55.60895,18.072855,
1466,110,26.0,38.443497,24.12149,
1467,110,17.0,52.01551,30.840841,
1468,110,12.0,44.468025,24.591305,
1469,111,2.0,49.190758,8.173386,
1470,111,3.0,49.16206,29.755299,
1471,111,4.0,50.150986,46.884094,
1472,111,6.0,55.560696,43.91085,
1473,111,7.0,50.100883,40.765064,
1474,111,8.0,51.91685,40.895546,
1475,111,13.0,40.574158,27.040586,
1476,111,11.0,64.596794,32.399853,
1477,111,5.0,55.50543,18.160969,
1478,111,26.0,38.38204,24.019789,
1479,111,17.0,52.03872,30.666489,
1480,111,12.0,44.403355,24.860235,
1481,112,2.0,49.367344,8.383865,
1482,112,3.0,49.33096,29.700012,
1483,112,4.0,50.307644,46.756992,
1484,112,6.0,55.590313,43.769905,
1485,112,7.0,50.203327,40.67282,
1486,112,8.0,51.931744,40.9213,
1487,112,13.0,40.52949,27.076796,
1488,112,11.0,64.59916,32.37015,
1489,112,5.0,55.415665,18.263521,
1490,112,26.0,38.333298,23.859148,
1491,112,17.0,52.07888,30.621416,
1492,112,12.0,44.388176,25.071865,
1493,113,2.0,49.54931,8.509145,
1494,113,3.0,49.442047,29.560812,
1495,113,4.0,50.414818,46.69241,
1496,113,6.0,55.60374,43.681015,
1497,113,7.0,50.351105,40.64425,
1498,113,8.0,51.98001,40.933586,
1499,113,13.0,40.439632,27.171354,
1500,113,11.0,64.59934,32.36069,
1501,113,5.0,55.337257,18.446247,
1502,113,26.0,38.293842,23.84728,
1503,113,17.0,52.128845,30.520805,
1504,113,12.0,44.326843,25.371824,
1505,113,24.0,50.61897,23.813845,
1506,114,2.0,49.953472,8.567073,
1507,114,3.0,49.598923,29.519575,
1508,114,4.0,50.653404,46.529102,
1509,114,6.0,55.610077,43.73237,
1510,114,7.0,50.506123,40.65877,
1511,114,8.0,52.032825,40.939785,
1512,114,13.0,40.339066,27.201044,
1513,114,11.0,64.60436,32.376717,
1514,114,5.0,55.269196,18.736801,
1515,114,26.0,38.26933,23.75688,
1516,114,17.0,52.16877,30.397877,
1517,114,12.0,44.252804,25.621058,
1518,114,24.0,50.475266,23.720741,
1519,115,2.0,50.15101,8.567894,
1520,115,3.0,49.79718,29.412455,
1521,115,4.0,50.89434,46.412895,
1522,115,6.0,55.59537,43.79598,
1523,115,7.0,50.64749,40.70854,
1524,115,8.0,52.080574,41.02389,
1525,115,13.0,40.232624,27.258657,
1526,115,11.0,64.62365,32.40255,
1527,115,5.0,55.188953,18.960724,
1528,115,26.0,38.23906,23.773497,
1529,115,17.0,52.262604,30.29033,
1530,115,12.0,44.25403,25.692911,
1531,116,2.0,50.24779,8.584272,
1532,116,3.0,50.023643,29.28189,
1533,116,4.0,51.079853,46.31246,
1534,116,6.0,55.625656,43.80318,
1535,116,7.0,50.82189,40.59263,
1536,116,8.0,52.164333,41.01763,
1537,116,13.0,40.15403,27.2755,
1538,116,11.0,64.656166,32.346786,
1539,116,5.0,55.129623,19.22384,
1540,116,26.0,38.266026,23.785536,
1541,116,17.0,52.34698,30.134542,
1542,116,12.0,44.233887,25.767368,
1543,116,24.0,50.293533,23.496395,
1544,117,2.0,50.48088,8.689045,
1545,117,3.0,50.213707,29.208021,
1546,117,4.0,51.241932,46.15641,
1547,117,6.0,55.668327,43.74965,
1548,117,7.0,51.011917,40.454643,
1549,117,8.0,52.2455,40.918148,
1550,117,13.0,40.069935,27.240253,
1551,117,11.0,64.69755,32.363895,
1552,117,5.0,55.053394,19.499481,
1553,117,26.0,38.307964,23.863575,
1554,117,17.0,52.459423,29.980124,
1555,117,12.0,44.19831,25.85957,
1556,118,2.0,50.651657,8.834192,
1557,118,3.0,50.39936,29.191706,
1558,118,4.0,51.419865,46.104202,
1559,118,6.0,55.716393,43.77363,
1560,118,7.0,51.204998,40.250324,
1561,118,8.0,52.362427,40.924004,
1562,118,13.0,40.005222,27.186852,
1563,118,11.0,64.77286,32.41025,
1564,118,5.0,55.00544,19.656073,
1565,118,26.0,38.316643,24.068598,
1566,118,17.0,52.563522,29.963976,
1567,118,12.0,44.08612,26.1107,
1568,119,2.0,50.73166,8.9065485,
1569,119,3.0,50.52623,29.228092,
1570,119,4.0,51.574512,46.091427,
1571,119,6.0,55.745853,43.704865,
1572,119,7.0,51.41517,40.244156,
1573,119,8.0,52.41017,40.86687,
1574,119,13.0,39.96973,27.164873,
1575,119,11.0,64.82322,32.497505,
1576,119,5.0,54.9576,19.893713,
1577,119,26.0,38.334854,24.361103,
1578,119,17.0,52.679077,29.915573,
1579,119,12.0,43.971397,26.334867,
1580,120,2.0,50.834507,8.971481,
1581,120,3.0,50.71104,29.291712,
1582,120,4.0,51.743965,46.15478,
1583,120,6.0,55.761955,43.70043,
1584,120,7.0,51.67027,40.353218,
1585,120,13.0,39.91834,27.275993,
1586,120,11.0,64.854355,32.481762,
1587,120,5.0,54.905933,20.049746,
1588,120,26.0,38.368942,24.615467,
1589,120,17.0,52.811512,29.855295,
1590,120,12.0,43.9244,26.413767,
1591,121,3.0,50.856693,29.430542,
1592,121,4.0,51.904392,46.165257,
1593,121,6.0,55.788082,43.702404,
1594,121,7.0,51.82607,40.41668,
1595,121,13.0,39.86693,27.315542,
1596,121,11.0,64.88349,32.460464,
1597,121,5.0,54.86113,20.14497,
1598,121,26.0,38.411705,24.801561,
1599,121,17.0,52.886627,29.891623,
1600,121,22.0,50.94643,8.9447365,
1601,122,3.0,51.071053,29.514475,
1602,122,4.0,52.09225,46.216614,
1603,122,6.0,55.836143,43.645836,
1604,122,7.0,52.119343,40.37169,
1605,122,13.0,39.835842,27.203209,
1606,122,11.0,64.936554,32.42162,
1607,122,5.0,54.77877,20.324257,
1608,122,26.0,38.454735,24.92168,
1609,122,17.0,52.98128,29.877703,
1610,122,12.0,43.852127,26.463663,
1611,123,3.0,51.278442,29.41416,
1612,123,4.0,52.25362,46.19802,
1613,123,6.0,55.917957,43.58866,
1614,123,7.0,52.254986,40.20177,
1615,123,13.0,39.804024,27.123482,
1616,123,11.0,64.97859,32.47834,
1617,123,5.0,54.702503,20.442465,
1618,123,26.0,38.49979,25.09148,
1619,123,17.0,53.076496,29.844824,
1620,123,2.0,51.49018,9.07921,
1621,124,3.0,51.460674,29.26189,
1622,124,4.0,52.402916,46.09205,
1623,124,6.0,55.99057,43.550404,
1624,124,7.0,52.371613,40.17993,
1625,124,13.0,39.7797,27.055378,
1626,124,11.0,65.01128,32.500805,
1627,124,5.0,54.62598,20.490244,
1628,124,26.0,38.564217,25.134474,
1629,124,17.0,53.15127,29.733917,
1630,124,2.0,51.804356,8.906887,
1631,125,3.0,51.67852,29.113548,
1632,125,4.0,52.585518,46.097954,
1633,125,6.0,56.04825,43.47893,
1634,125,7.0,52.514713,40.080482,
1635,125,13.0,39.763634,26.957504,
1636,125,11.0,65.021454,32.56031,
1637,125,5.0,54.534176,20.621084,
1638,125,17.0,53.239956,29.646894,
1639,125,2.0,51.927864,8.867321,
1640,125,12.0,43.6312,25.725899,
1641,126,3.0,51.823273,28.943157,
1642,126,4.0,52.776657,46.022842,
1643,126,6.0,56.10417,43.43516,
1644,126,7.0,52.685375,40.069126,
1645,126,13.0,39.727695,26.899897,
1646,126,11.0,65.07849,32.62142,
1647,126,5.0,54.496532,20.664383,
1648,126,17.0,53.340435,29.569927,
1649,126,2.0,52.15096,8.836679,
1650,127,3.0,51.97716,28.6609,
1651,127,4.0,52.95819,45.97861,
1652,127,6.0,56.153988,43.381813,
1653,127,7.0,52.77913,40.06757,
1654,127,13.0,39.707184,26.80604,
1655,127,11.0,65.09828,32.643898,
1656,127,5.0,54.413193,20.792862,
1657,127,17.0,53.423336,29.443558,
1658,127,2.0,52.335636,8.925732,
1659,127,12.0,43.554985,25.527956,
1660,128,3.0,52.098385,28.514803,
1661,128,4.0,53.121124,45.862835,
1662,128,6.0,56.209324,43.305466,
1663,128,7.0,52.98556,40.000206,
1664,128,13.0,39.67929,26.73367,
1665,128,11.0,65.12286,32.653023,
1666,128,5.0,54.320095,20.938812,
1667,128,17.0,53.525394,29.300863,
1668,128,2.0,52.58232,9.067861,
1669,128,26.0,38.956066,23.359818,
1670,129,3.0,52.2704,28.388605,
1671,129,4.0,53.27318,45.761192,
1672,129,6.0,56.24251,43.2788,
1673,129,7.0,53.20324,39.886658,
1674,129,13.0,39.66723,26.68972,
1675,129,11.0,65.154755,32.69219,
1676,129,5.0,54.258537,21.111328,
1677,129,17.0,53.618782,29.185326,
1678,129,2.0,52.758434,8.9310055,
1679,130,3.0,52.407066,28.283173,
1680,130,4.0,53.450478,45.666317,
1681,130,6.0,56.262817,43.23137,
1682,130,7.0,53.373947,39.791508,
1683,130,13.0,39.6638,26.63846,
1684,130,11.0,65.18404,32.69029,
1685,130,5.0,54.15561,21.413542,
1686,130,17.0,53.725082,29.116703,
1687,130,2.0,52.951077,8.951718,
1688,130,26.0,38.978214,23.213877,
1689,131,3.0,52.53493,28.13487,
1690,131,4.0,53.62257,45.46836,
1691,131,6.0,56.2951,43.23672,
1692,131,7.0,53.497375,39.721355,
1693,131,13.0,39.661488,26.548542,
1694,131,11.0,65.20696,32.620968,
1695,131,5.0,54.069893,21.73944,
1696,131,17.0,53.810337,29.063028,
1697,131,2.0,53.151447,9.02014,
1698,131,26.0,38.943485,22.455128,
1699,132,3.0,52.64801,28.020113,
1700,132,4.0,53.77636,45.257065,
1701,132,6.0,56.319363,43.241356,
1702,132,7.0,53.61214,39.623047,
1703,132,13.0,39.65782,26.498405,
1704,132,11.0,65.22092,32.560963,
1705,132,5.0,54.030487,21.983587,
1706,132,17.0,53.891735,28.964916,
1707,132,2.0,53.371685,9.055624,
1708,132,26.0,38.853863,22.291588,
1709,132,30.0,38.94194,25.216944,
1710,132,12.0,43.524036,25.31912,
1711,133,3.0,52.76717,28.006186,
1712,133,4.0,53.868183,45.100567,
1713,133,6.0,56.346493,43.265762,
1714,133,7.0,53.711784,39.494747,
1715,133,13.0,39.648956,26.53403,
1716,133,11.0,65.237946,32.488113,
1717,133,5.0,53.983173,22.192476,
1718,133,17.0,53.998493,28.920664,
1719,133,2.0,53.555065,9.043843,
1720,133,26.0,38.7344,22.447271,
1721,133,30.0,38.978336,25.306383,
1722,133,31.0,37.45281,22.633698,
1723,133,12.0,43.519405,25.361628,
1724,134,3.0,52.87839,27.92513,
1725,134,4.0,53.988434,44.86466,
1726,134,6.0,56.3888,43.297497,
1727,134,7.0,53.823727,39.298344,
1728,134,13.0,39.671036,26.533463,
1729,134,11.0,65.24903,32.478645,
1730,134,5.0,53.91575,22.353275,
1731,134,17.0,54.114075,28.827202,
1732,134,2.0,53.723145,8.906704,
1733,134,26.0,38.673374,22.526258,
1734,134,30.0,39.028343,25.360722,
1735,134,31.0,37.412468,22.64175,
1736,134,12.0,43.518845,25.408731,
1737,135,3.0,52.98602,27.905642,
1738,135,4.0,54.074112,44.760586,
1739,135,6.0,56.429657,43.331444,
1740,135,7.0,53.895813,39.112934,
1741,135,13.0,39.686806,26.410852,
1742,135,11.0,65.27023,32.49395,
1743,135,5.0,53.833355,22.512653,
1744,135,17.0,54.213978,28.695684,
1745,135,2.0,53.93787,8.773054,
1746,135,26.0,38.599422,22.603746,
1747,135,31.0,37.360313,22.76248,
1748,135,12.0,43.497787,25.47726,
1749,136,3.0,53.079514,27.820639,
1750,136,4.0,54.1428,44.706955,
1751,136,6.0,56.44879,43.365604,
1752,136,7.0,54.010086,39.091877,
1753,136,11.0,65.28888,32.53525,
1754,136,5.0,53.75715,22.609018,
1755,136,17.0,54.287785,28.550009,
1756,136,2.0,54.118366,8.644428,
1757,136,26.0,38.56453,22.685173,
1758,136,31.0,37.28863,23.103266,
1759,136,12.0,43.49579,25.520702,
1760,136,32.0,41.603474,23.256165,
1761,137,3.0,53.18672,27.73039,
1762,137,4.0,54.240368,44.49004,
1763,137,6.0,56.46741,43.276436,
1764,137,7.0,54.219467,38.938545,
1765,137,11.0,65.27007,32.59991,
1766,137,5.0,53.65791,22.759125,
1767,137,17.0,54.358864,28.400154,
1768,137,2.0,54.249653,8.658465,
1769,137,26.0,38.528576,22.767908,
1770,137,31.0,37.233284,23.308727,
1771,137,12.0,43.427467,25.61903,
1772,137,32.0,41.62854,23.334297,
1773,137,33.0,42.911774,21.340654,
1774,138,3.0,53.3207,27.46897,
1775,138,4.0,54.32792,44.618607,
1776,138,6.0,56.517006,43.327194,
1777,138,7.0,54.37715,38.92956,
1778,138,11.0,65.26718,32.692623,
1779,138,5.0,53.580467,22.933203,
1780,138,17.0,54.455402,28.080462,
1781,138,2.0,54.38347,8.678852,
1782,138,26.0,38.448956,22.932056,
1783,138,12.0,43.330647,25.757246,
1784,138,33.0,43.02183,21.205557,
1785,139,3.0,53.438164,27.298832,
1786,139,4.0,54.42311,44.613926,
1787,139,6.0,56.549206,43.327435,
1788,139,7.0,54.558254,38.765926,
1789,139,11.0,65.2593,32.727173,
1790,139,5.0,53.503918,23.13224,
1791,139,17.0,54.557743,27.820904,
1792,139,2.0,54.522213,8.783913,
1793,139,26.0,38.37811,23.025835,
1794,139,12.0,43.287853,25.822813,
1795,139,33.0,43.16637,21.133362,
1796,139,31.0,37.075836,23.588528,
1797,140,3.0,53.50881,27.106056,
1798,140,4.0,54.48018,44.63731,
1799,140,6.0,56.54802,43.390034,
1800,140,7.0,54.738197,38.691666,
1801,140,11.0,65.243324,32.75577,
1802,140,5.0,53.403328,23.322865,
1803,140,17.0,54.5835,27.691084,
1804,140,2.0,54.64852,8.891461,
1805,140,26.0,38.333332,23.00739,
1806,140,12.0,43.209087,25.893175,
1807,140,33.0,43.307426,21.069191,
1808,141,3.0,53.58268,26.957703,
1809,141,4.0,54.521473,44.588406,
1810,141,6.0,56.526543,43.266827,
1811,141,7.0,54.879616,38.614063,
1812,141,11.0,65.22999,32.79974,
1813,141,5.0,53.34612,23.432436,
1814,141,2.0,54.79149,8.823614,
1815,141,26.0,38.261223,23.115427,
1816,141,12.0,43.24445,26.029474,
1817,141,33.0,43.447544,20.990625,
1818,141,31.0,36.90139,23.861765,
1819,142,3.0,53.63036,26.841024,
1820,142,4.0,54.555965,44.428314,
1821,142,6.0,56.50351,43.097954,
1822,142,7.0,54.988377,38.49695,
1823,142,11.0,65.21235,32.831554,
1824,142,5.0,53.27592,23.5431,
1825,142,26.0,38.174072,23.375832,
1826,142,12.0,43.316933,26.083172,
1827,142,33.0,43.616154,20.99576,
1828,142,31.0,36.83841,24.047235,
1829,143,3.0,53.672634,26.68686,
1830,143,4.0,54.57289,44.353413,
1831,143,6.0,56.48217,43.01923,
1832,143,7.0,55.136684,38.386665,
1833,143,5.0,53.21581,23.705786,
1834,143,26.0,38.125168,23.490719,
1835,143,33.0,43.804356,20.96468,
1836,143,31.0,36.80539,24.214819,
1837,144,3.0,53.733574,26.437504,
1838,144,4.0,54.595417,44.24725,
1839,144,6.0,56.519604,42.93295,
1840,144,7.0,55.315548,38.33458,
1841,144,5.0,53.146984,23.950829,
1842,144,26.0,38.027946,23.735895,
1843,144,33.0,43.96123,21.034277,
1844,144,31.0,36.735424,24.514193,
1845,144,30.0,39.41969,25.801409,
1846,144,2.0,55.33025,8.622188,
1847,145,3.0,53.774536,26.39962,
1848,145,4.0,54.60625,44.129642,
1849,145,6.0,56.533146,42.781883,
1850,145,5.0,53.087677,24.23128,
1851,145,26.0,37.947968,23.873625,
1852,145,33.0,44.095394,21.020199,
1853,145,31.0,36.712772,24.6565,
1854,145,2.0,55.581562,8.622689,
1855,145,13.0,39.430305,25.703955,
1856,145,17.0,54.829586,26.822216,
1857,146,4.0,54.601032,43.966007,
1858,146,6.0,56.53408,42.668045,
1859,146,5.0,53.0148,24.423141,
1860,146,26.0,37.91462,23.955395,
1861,146,33.0,44.248573,20.92778,
1862,146,31.0,36.69436,24.64975,
1863,146,13.0,39.447433,25.624334,
1864,146,17.0,54.86056,26.84774,
1865,147,4.0,54.570515,43.888638,
1866,147,6.0,56.53654,42.58943,
1867,147,26.0,37.87718,24.050573,
1868,147,33.0,44.396618,20.88887,
1869,147,31.0,36.659447,24.761787,
1870,147,13.0,39.46485,25.564182,
1871,147,17.0,54.929047,26.764395,
1872,147,12.0,43.287006,26.63396,
1873,147,3.0,53.91458,25.902788,
1874,148,4.0,54.546738,43.802563,
1875,148,6.0,56.45704,42.50015,
1876,148,26.0,37.829834,24.237843,
1877,148,33.0,44.529305,20.818754,
1878,148,31.0,36.593292,24.899052,
1879,148,13.0,39.47369,25.49101,
1880,148,17.0,54.897144,26.615837,
1881,148,12.0,43.28667,26.731577,
1882,148,3.0,53.97209,25.696667,
1883,148,2.0,56.08724,8.514111,
1884,148,5.0,52.903683,24.71303,
1885,149,4.0,54.440884,43.689754,
1886,149,26.0,37.810295,24.3228,
1887,149,33.0,44.635563,20.784624,
1888,149,31.0,36.528214,25.012556,
1889,149,13.0,39.496758,25.396755,
1890,149,17.0,54.89319,26.432316,
1891,149,12.0,43.298,26.782986,
1892,149,3.0,53.995243,25.573503,
1893,149,2.0,56.236385,8.61061,
1894,149,5.0,52.827946,24.832375,
1895,150,4.0,54.324432,43.668716,
1896,150,26.0,37.773468,24.366074,
1897,150,33.0,44.750347,20.732931,
1898,150,31.0,36.470833,25.117632,
1899,150,13.0,39.517857,25.294039,
1900,150,17.0,54.897827,26.26973,
1901,150,12.0,43.30774,26.764133,
1902,150,3.0,53.998997,25.319828,
1903,150,2.0,56.383232,8.726197,
1904,150,5.0,52.767506,24.900715,
1905,150,11.0,64.96591,33.272747,
1906,151,4.0,54.23439,43.602966,
1907,151,26.0,37.74462,24.430088,
1908,151,33.0,44.881325,20.7257,
1909,151,31.0,36.449448,25.24077,
1910,151,13.0,39.54179,25.20702,
1911,151,17.0,54.880096,26.11252,
1912,151,12.0,43.311565,26.755257,
1913,151,3.0,53.99661,25.24511,
1914,151,2.0,56.53106,8.745157,
1915,151,5.0,52.66974,24.997044,
1916,152,4.0,54.14661,43.459194,
1917,152,26.0,37.701683,24.517757,
1918,152,33.0,45.003223,20.60112,
1919,152,31.0,36.431324,25.423828,
1920,152,13.0,39.553886,25.160019,
1921,152,17.0,54.85419,25.792332,
1922,152,12.0,43.315197,26.784197,
1923,152,3.0,53.99111,25.091883,
1924,152,2.0,56.67887,8.807193,
1925,152,5.0,52.557785,25.168066,
1926,153,4.0,54.016922,43.404556,
1927,153,26.0,37.680702,24.582336,
1928,153,33.0,45.0843,20.560963,
1929,153,31.0,36.402287,25.538696,
1930,153,13.0,39.57845,25.111792,
1931,153,17.0,54.797043,25.558767,
1932,153,12.0,43.300465,26.808743,
1933,153,3.0,53.993744,25.038769,
1934,153,2.0,56.806873,8.843369,
1935,153,5.0,52.440594,25.21795,
1936,153,35.0,55.692554,42.308388,
1937,153,11.0,64.73923,33.39824,
1938,154,4.0,53.86207,43.403534,
1939,154,26.0,37.672825,24.53272,
1940,154,33.0,45.151184,20.584976,
1941,154,31.0,36.362408,25.699251,
1942,154,13.0,39.59056,25.079098,
1943,154,17.0,54.78338,25.426693,
1944,154,12.0,43.294464,26.868708,
1945,154,3.0,53.994102,24.845781,
1946,154,2.0,56.895367,8.917673,
1947,154,5.0,52.358906,25.39416,
1948,154,35.0,55.522953,42.237286,
1949,154,11.0,64.59293,33.32946,
1950,154,7.0,56.313217,37.225357,
1951,155,4.0,53.750225,43.284676,
1952,155,26.0,37.672806,24.581884,
1953,155,33.0,45.23106,20.602493,
1954,155,31.0,36.33527,25.78946,
1955,155,13.0,39.58962,25.016157,
1956,155,17.0,54.7535,25.364244,
1957,155,12.0,43.290607,26.85296,
1958,155,3.0,53.994637,24.680664,
1959,155,2.0,57.013504,9.026723,
1960,155,5.0,52.288418,25.568357,
1961,155,35.0,55.35997,42.11721,
1962,155,11.0,64.507454,33.33954,
1963,155,7.0,56.339405,37.130352,
1964,156,4.0,53.63643,43.100185,
1965,156,26.0,37.66022,24.596014,
1966,156,33.0,45.31368,20.633629,
1967,156,31.0,36.331276,25.872343,
1968,156,13.0,39.57848,24.888615,
1969,156,12.0,43.313175,26.829107,
1970,156,3.0,53.954117,24.554554,
1971,156,2.0,57.11431,9.226703,
1972,156,5.0,52.24214,25.878813,
1973,156,35.0,55.257,41.881268,
1974,156,11.0,64.38296,33.387688,
1975,156,7.0,56.438572,36.830208,
1976,157,4.0,53.53383,42.93278,
1977,157,26.0,37.668755,24.653149,
1978,157,33.0,45.406464,20.60468,
1979,157,31.0,36.36697,26.063595,
1980,157,13.0,39.57076,24.739088,
1981,157,12.0,43.305588,26.97758,
1982,157,3.0,53.909504,24.395613,
1983,157,2.0,57.19896,9.2796545,
1984,157,5.0,52.19341,26.087418,
1985,157,11.0,64.28214,33.41771,
1986,158,4.0,53.392956,42.947887,
1987,158,26.0,37.674847,24.743263,
1988,158,33.0,45.501083,20.569277,
1989,158,31.0,36.409294,26.149527,
1990,158,13.0,39.56481,24.700714,
1991,158,12.0,43.32917,27.052256,
1992,158,3.0,53.89455,24.227608,
1993,158,2.0,57.28399,9.360643,
1994,158,5.0,52.178547,26.241077,
1995,158,11.0,64.15311,33.43819,
1996,158,7.0,56.557365,36.46961,
1997,159,4.0,53.27132,42.696255,
1998,159,26.0,37.658337,24.84412,
1999,159,33.0,45.578457,20.513002,
2000,159,31.0,36.421555,26.156498,
2001,159,13.0,39.579884,24.586939,
2002,159,3.0,53.884052,24.136948,
2003,159,5.0,52.174107,26.376003,
2004,159,11.0,63.989475,33.41798,
2005,159,7.0,56.601337,36.256462,
2006,160,4.0,53.143658,42.4204,
2007,160,26.0,37.67077,24.862482,
2008,160,33.0,45.63427,20.513002,
2009,160,31.0,36.43736,26.137636,
2010,160,13.0,39.615273,24.497417,
2011,160,3.0,53.876137,23.994118,
2012,160,5.0,52.166473,26.434948,
2013,160,11.0,63.83718,33.455784,
2014,160,7.0,56.626698,36.30156,
2015,161,4.0,53.004932,42.20167,
2016,161,26.0,37.676937,24.902588,
2017,161,33.0,45.693222,20.551262,
2018,161,31.0,36.499474,26.149084,
2019,161,13.0,39.6145,24.465569,
2020,161,3.0,53.866203,23.945978,
2021,161,5.0,52.136127,26.482826,
2022,161,11.0,63.683746,33.479073,
2023,161,7.0,56.655968,36.209324,
2024,162,4.0,52.861374,42.138763,
2025,162,26.0,37.66411,25.00282,
2026,162,33.0,45.719173,20.61519,
2027,162,31.0,36.551773,26.115229,
2028,162,13.0,39.60449,24.385641,
2029,162,3.0,53.83656,23.849504,
2030,162,5.0,52.049343,26.622961,
2031,162,11.0,63.54097,33.585785,
2032,162,7.0,56.64645,36.03309,
2033,162,35.0,54.13304,41.350883,
2034,163,4.0,52.646828,42.072945,
2035,163,26.0,37.63496,25.05308,
2036,163,33.0,45.74695,20.627014,
2037,163,31.0,36.515778,26.076338,
2038,163,13.0,39.572334,24.356028,
2039,163,3.0,53.79364,23.668001,
2040,163,5.0,51.97759,26.683193,
2041,163,11.0,63.373,33.58013,
2042,163,7.0,56.620926,35.771,
2043,164,4.0,52.421246,41.888844,
2044,164,26.0,37.563873,25.1174,
2045,164,33.0,45.737137,20.759167,
2046,164,31.0,36.506355,26.077944,
2047,164,13.0,39.537888,24.310593,
2048,164,3.0,53.73932,23.455034,
2049,164,5.0,51.874516,26.829418,
2050,164,11.0,63.182507,33.548534,
2051,164,7.0,56.5665,35.724586,
2052,164,12.0,43.336056,27.181871,
2053,164,35.0,53.67184,41.18422,
2054,165,4.0,52.22773,41.661823,
2055,165,26.0,37.524857,25.173208,
2056,165,33.0,45.716152,20.759705,
2057,165,31.0,36.527954,26.060717,
2058,165,13.0,39.496017,24.170698,
2059,165,3.0,53.667088,23.24543,
2060,165,5.0,51.793957,26.925821,
2061,165,11.0,63.01046,33.528503,
2062,165,7.0,56.49592,35.529186,
2063,165,38.0,42.680237,24.357416,
2064,165,12.0,43.357964,27.087914,
2065,165,35.0,53.406677,41.048786,
2066,165,30.0,40.52095,25.697203,
2067,166,4.0,51.9919,41.572357,
2068,166,26.0,37.487957,25.11534,
2069,166,33.0,45.71055,20.727541,
2070,166,31.0,36.568657,26.036835,
2071,166,13.0,39.430984,24.116665,
2072,166,3.0,53.594326,23.054865,
2073,166,5.0,51.71187,26.898037,
2074,166,11.0,62.807648,33.45572,
2075,166,7.0,56.41794,35.311764,
2076,166,38.0,42.672146,24.324293,
2077,166,12.0,43.34527,27.095697,
2078,166,35.0,53.147285,40.936913,
2079,166,39.0,43.40822,24.21086,
2080,166,30.0,40.49538,25.66684,
2081,167,4.0,51.756153,41.39958,
2082,167,26.0,37.447132,25.126041,
2083,167,33.0,45.719383,20.61901,
2084,167,31.0,36.54516,26.076828,
2085,167,13.0,39.33901,24.111864,
2086,167,3.0,53.538715,22.872774,
2087,167,5.0,51.60666,26.997639,
2088,167,11.0,62.60095,33.383934,
2089,167,7.0,56.334305,35.195454,
2090,167,12.0,43.31061,27.059647,
2091,167,35.0,52.89811,40.793488,
2092,167,39.0,43.41693,24.10778,
2093,167,30.0,40.485615,25.675173,
2094,167,2.0,58.216522,9.92669,
2095,168,4.0,51.576435,41.158657,
2096,168,26.0,37.369583,25.194311,
2097,168,33.0,45.70357,20.511826,
2098,168,31.0,36.518616,26.143112,
2099,168,13.0,39.303734,23.915367,
2100,168,3.0,53.481373,22.725445,
2101,168,5.0,51.522354,27.042881,
2102,168,11.0,62.411606,33.313614,
2103,168,7.0,56.251717,35.025505,
2104,168,35.0,52.653267,40.716892,
2105,168,39.0,43.397984,24.111498,
2106,168,30.0,40.408367,25.67193,
2107,168,2.0,58.270817,9.979736,
2108,169,4.0,51.361847,40.967518,
2109,169,26.0,37.297855,25.213684,
2110,169,33.0,45.666855,20.435614,
2111,169,31.0,36.479744,26.20026,
2112,169,13.0,39.231125,23.82413,
2113,169,3.0,53.397896,22.524982,
2114,169,5.0,51.457455,27.155453,
2115,169,11.0,62.235878,33.2277,
2116,169,35.0,52.39939,40.70486,
2117,169,39.0,43.381332,24.133545,
2118,169,2.0,58.288,10.119844,
2119,170,4.0,51.12511,40.892635,
2120,170,26.0,37.208084,25.249243,
2121,170,33.0,45.627464,20.388885,
2122,170,31.0,36.385426,26.249067,
2123,170,13.0,39.147507,23.664715,
2124,170,3.0,53.346676,22.40488,
2125,170,5.0,51.389988,27.189392,
2126,170,11.0,62.08971,33.154118,
2127,170,35.0,52.14042,40.657185,
2128,170,39.0,43.339165,24.08264,
2129,170,2.0,58.387505,10.266856,
2130,170,12.0,43.16143,26.962303,
2131,170,7.0,56.086506,34.75009,
2132,171,4.0,50.9322,40.825344,
2133,171,26.0,37.12696,25.292118,
2134,171,33.0,45.605087,20.274513,
2135,171,13.0,39.031002,23.617302,
2136,171,3.0,53.26811,22.3283,
2137,171,5.0,51.29845,27.294922,
2138,171,11.0,61.92634,33.172253,
2139,171,35.0,51.917915,40.63694,
2140,171,39.0,43.28255,24.15396,
2141,171,2.0,58.512684,10.317726,
2142,171,12.0,43.085033,27.079056,
2143,171,7.0,55.986416,34.664898,
2144,172,4.0,50.752403,40.80094,
2145,172,26.0,36.988464,25.421947,
2146,172,33.0,45.576363,20.182053,
2147,172,13.0,38.888596,23.55872,
2148,172,3.0,53.20262,22.156242,
2149,172,5.0,51.233784,27.3966,
2150,172,11.0,61.770126,33.190147,
2151,172,35.0,51.726696,40.588295,
2152,172,39.0,43.218346,24.13899,
2153,172,2.0,58.63741,10.291702,
2154,172,12.0,42.989956,27.13779,
2155,172,7.0,55.927036,34.59949,
2156,172,38.0,42.45411,24.164755,
2157,173,4.0,50.588146,40.83039,
2158,173,26.0,36.85923,25.4615,
2159,173,33.0,45.558044,20.099154,
2160,173,13.0,38.777077,23.551975,
2161,173,3.0,53.14985,22.077232,
2162,173,5.0,51.161064,27.546843,
2163,173,11.0,61.654873,33.193413,
2164,173,35.0,51.56651,40.470535,
2165,173,12.0,42.881004,27.18781,
2166,173,7.0,55.87524,34.542267,
2167,173,38.0,42.37821,24.04023,
2168,174,4.0,50.359085,40.9567,
2169,174,26.0,36.683853,25.586096,
2170,174,33.0,45.51958,20.049902,
2171,174,13.0,38.646492,23.45626,
2172,174,3.0,53.06953,21.967405,
2173,174,5.0,51.130527,27.598106,
2174,174,11.0,61.52485,33.308838,
2175,174,35.0,51.32816,40.61837,
2176,174,12.0,42.79241,27.292498,
2177,174,7.0,55.852562,34.60145,
2178,174,38.0,42.315605,24.105137,
2179,174,2.0,58.85627,10.319793,
2180,175,4.0,50.12803,41.086746,
2181,175,26.0,36.530514,25.713127,
2182,175,33.0,45.46775,20.012829,
2183,175,13.0,38.51236,23.517036,
2184,175,3.0,53.024498,21.83393,
2185,175,11.0,61.369614,33.328976,
2186,175,35.0,51.11622,40.552765,
2187,175,7.0,55.858936,34.650368,
2188,175,38.0,42.25256,24.1237,
2189,175,40.0,58.162735,10.851611,
2190,175,2.0,58.95271,10.369807,
2191,176,4.0,49.941006,41.20841,
2192,176,26.0,36.41423,25.7718,
2193,176,33.0,45.419193,19.965117,
2194,176,13.0,38.363335,23.500206,
2195,176,3.0,52.97888,21.705925,
2196,176,11.0,61.245285,33.38318,
2197,176,35.0,50.875175,40.678562,
2198,176,7.0,55.819164,34.59284,
2199,176,38.0,42.16551,24.142143,
2200,176,40.0,58.22016,10.95102,
2201,176,2.0,59.046608,10.39608,
2202,176,41.0,39.602642,25.422447,
2203,176,12.0,42.66526,27.371504,
2204,177,4.0,49.803738,41.217045,
2205,177,26.0,36.27502,25.763973,
2206,177,33.0,45.343925,19.926386,
2207,177,13.0,38.231007,23.418135,
2208,177,3.0,52.945526,21.581436,
2209,177,11.0,61.15334,33.436024,
2210,177,35.0,50.669895,40.82323,
2211,177,7.0,55.789814,34.517647,
2212,177,38.0,42.081284,24.040258,
2213,177,40.0,58.307056,10.890795,
2214,177,2.0,59.14494,10.414153,
2215,177,41.0,39.496563,25.511875,
2216,177,42.0,41.078762,25.93159,
2217,177,39.0,42.806564,24.48125,
2218,178,4.0,49.638767,41.196114,
2219,178,26.0,36.092876,25.837132,
2220,178,33.0,45.285538,19.893923,
2221,178,13.0,38.074924,23.36135,
2222,178,3.0,52.876038,21.422173,
2223,178,11.0,61.040516,33.484303,
2224,178,35.0,50.466183,40.873287,
2225,178,7.0,55.74445,34.415966,
2226,178,38.0,42.012558,24.11851,
2227,178,40.0,58.441566,10.749879,
2228,178,42.0,40.96755,25.93793,
2229,178,39.0,42.737602,24.615086,
2230,178,5.0,51.062546,27.914228,
2231,179,4.0,49.475166,41.26415,
2232,179,26.0,35.887363,25.920597,
2233,179,33.0,45.19182,19.923616,
2234,179,13.0,37.886543,23.276772,
2235,179,3.0,52.839897,21.286755,
2236,179,11.0,60.923244,33.599773,
2237,179,7.0,55.698986,34.23028,
2238,179,38.0,41.8982,24.141464,
2239,179,40.0,58.561607,10.6145935,
2240,179,42.0,40.82145,25.992542,
2241,179,39.0,42.65982,24.602602,
2242,179,5.0,51.01198,27.984875,
2243,179,41.0,39.2049,25.256296,
2244,180,4.0,49.307945,41.406425,
2245,180,26.0,35.679623,26.027626,
2246,180,33.0,45.108574,19.849941,
2247,180,13.0,37.69385,23.147789,
2248,180,3.0,52.775986,21.124628,
2249,180,11.0,60.846165,33.624275,
2250,180,7.0,55.656746,34.074047,
2251,180,38.0,41.753323,24.227852,
2252,180,40.0,58.686867,10.4981,
2253,180,42.0,40.724987,25.941957,
2254,180,39.0,42.54213,24.639746,
2255,180,5.0,51.02327,27.99385,
2256,180,44.0,53.73981,21.30633,
2257,180,41.0,38.99542,25.362843,
2258,181,26.0,35.496914,26.128143,
2259,181,33.0,45.019516,19.865482,
2260,181,13.0,37.4914,23.173038,
2261,181,3.0,52.721493,20.939388,
2262,181,11.0,60.79642,33.648296,
2263,181,7.0,55.640064,33.857487,
2264,181,38.0,41.66876,24.204355,
2265,181,40.0,58.749584,10.514473,
2266,181,42.0,40.59068,25.916489,
2267,181,39.0,42.46384,24.531445,
2268,181,5.0,50.9827,28.05938,
2269,181,44.0,53.733585,21.294727,
2270,181,45.0,67.642914,28.449034,
2271,181,2.0,59.695755,10.229766,
2272,182,26.0,35.30402,26.135193,
2273,182,33.0,44.914978,19.864626,
2274,182,13.0,37.266758,23.102457,
2275,182,3.0,52.67209,20.729837,
2276,182,11.0,60.739464,33.635986,
2277,182,7.0,55.592266,33.739788,
2278,182,38.0,41.566338,24.257845,
2279,182,40.0,58.89013,10.502984,
2280,182,42.0,40.416023,25.93274,
2281,182,39.0,42.356144,24.51274,
2282,182,5.0,50.913048,28.041527,
2283,182,44.0,53.709312,21.122093,
2284,182,45.0,67.6917,28.442272,
2285,182,2.0,59.83126,10.200893,
2286,182,4.0,48.943928,41.65092,
2287,183,26.0,35.06885,26.08547,
2288,183,33.0,44.80291,19.825018,
2289,183,13.0,37.026917,23.010029,
2290,183,3.0,52.62475,20.511662,
2291,183,11.0,60.676716,33.662197,
2292,183,7.0,55.539986,33.642887,
2293,183,38.0,41.399017,24.264658,
2294,183,39.0,42.19535,24.441376,
2295,183,5.0,50.865025,28.132837,
2296,183,44.0,53.67187,20.921894,
2297,183,45.0,67.74882,28.424984,
2298,183,2.0,59.957424,10.044138,
2299,184,26.0,34.80544,25.95869,
2300,184,33.0,44.653076,19.734447,
2301,184,13.0,36.734554,22.921984,
2302,184,3.0,52.590477,20.292522,
2303,184,11.0,60.58989,33.77081,
2304,184,7.0,55.534267,33.59163,
2305,184,38.0,41.19229,24.252623,
2306,184,39.0,42.032368,24.455036,
2307,184,5.0,50.807076,28.247566,
2308,184,44.0,53.626335,20.702822,
2309,184,2.0,60.081078,10.036814,
2310,184,46.0,41.79123,27.636677,
2311,185,26.0,34.555428,26.055527,
2312,185,33.0,44.54332,19.662565,
2313,185,13.0,36.445618,22.907673,
2314,185,3.0,52.54946,20.133192,
2315,185,11.0,60.53352,33.862217,
2316,185,7.0,55.52085,33.57535,
2317,185,38.0,41.04493,24.223515,
2318,185,39.0,41.850544,24.48269,
2319,185,5.0,50.712254,28.249304,
2320,185,2.0,60.223396,9.9183445,
2321,185,46.0,41.642963,27.738777,
2322,185,42.0,39.83902,26.080748,
2323,185,4.0,48.331688,42.061237,
2324,186,26.0,34.29819,26.148542,
2325,186,33.0,44.405785,19.577187,
2326,186,13.0,36.15631,22.816334,
2327,186,3.0,52.502922,20.028658,
2328,186,11.0,60.483727,33.911278,
2329,186,7.0,55.489925,33.58878,
2330,186,38.0,40.84895,24.146662,
2331,186,5.0,50.62058,28.54618,
2332,186,2.0,60.358273,9.821136,
2333,186,42.0,39.50743,26.243853,
2334,187,26.0,33.99947,26.054077,
2335,187,33.0,44.291466,19.442507,
2336,187,13.0,35.854702,22.764078,
2337,187,3.0,52.39323,19.92197,
2338,187,11.0,60.414787,34.012592,
2339,187,7.0,55.44829,33.66673,
2340,187,38.0,40.64086,24.104246,
2341,187,5.0,50.630745,28.629715,
2342,187,2.0,60.537376,9.766568,
2343,187,42.0,39.331264,26.15448,
2344,187,40.0,59.496605,9.972436,
2345,187,39.0,41.452812,24.362614,
2346,187,46.0,41.38358,27.471077,
2347,188,26.0,33.69382,25.96228,
2348,188,33.0,44.15307,19.334015,
2349,188,13.0,35.566746,22.745184,
2350,188,3.0,52.30227,19.834682,
2351,188,11.0,60.33778,34.133022,
2352,188,7.0,55.445038,33.717236,
2353,188,38.0,40.446163,24.128265,
2354,188,5.0,50.64516,28.693722,
2355,188,2.0,60.74106,9.702636,
2356,188,42.0,39.06751,26.258675,
2357,188,40.0,59.608643,9.802179,
2358,188,46.0,41.247833,27.451355,
2359,189,26.0,33.394035,25.946655,
2360,189,33.0,44.06139,19.082335,
2361,189,13.0,35.247623,22.735804,
2362,189,3.0,52.24637,19.726263,
2363,189,11.0,60.29343,34.176476,
2364,189,7.0,55.39503,33.804188,
2365,189,38.0,40.235973,24.14101,
2366,189,2.0,60.908337,9.629289,
2367,189,42.0,38.89879,26.186155,
2368,189,40.0,59.708702,9.623009,
2369,190,26.0,33.04307,25.917967,
2370,190,33.0,43.95816,18.932539,
2371,190,13.0,34.97901,22.702192,
2372,190,3.0,52.18839,19.639257,
2373,190,11.0,60.240517,34.223602,
2374,190,7.0,55.363567,33.841644,
2375,190,38.0,40.034412,24.18532,
2376,190,2.0,61.035496,9.535167,
2377,190,42.0,38.67429,26.123253,
2378,190,40.0,59.828186,9.611016,
2379,190,49.0,43.51324,22.947641,
2380,190,5.0,50.68189,29.110529,
2381,191,26.0,32.730125,26.091314,
2382,191,33.0,43.82625,18.803095,
2383,191,13.0,34.684624,22.601585,
2384,191,3.0,52.149025,19.424387,
2385,191,11.0,60.170692,34.288963,
2386,191,7.0,55.28147,33.941105,
2387,191,38.0,39.798634,24.169428,
2388,191,2.0,61.178406,9.464438,
2389,191,42.0,38.455006,26.121727,
2390,191,40.0,59.98836,9.537661,
2391,191,49.0,43.308758,22.954601,
2392,191,5.0,50.657818,29.24779,
2393,192,26.0,32.4024,26.04642,
2394,192,33.0,43.708412,18.653019,
2395,192,13.0,34.41256,22.530876,
2396,192,3.0,52.097313,19.23473,
2397,192,11.0,60.108646,34.32675,
2398,192,7.0,55.241844,33.92673,
2399,192,38.0,39.63154,24.069853,
2400,192,2.0,61.35733,9.341724,
2401,192,42.0,38.28481,26.077248,
2402,192,40.0,60.11354,9.484048,
2403,192,49.0,43.028805,22.875715,
2404,192,5.0,50.57631,29.339846,
2405,192,41.0,37.21757,24.903172,
2406,192,39.0,40.67333,24.28165,
2407,193,26.0,32.09273,26.083324,
2408,193,33.0,43.565186,18.524038,
2409,193,13.0,34.14076,22.330448,
2410,193,3.0,52.066963,19.04304,
2411,193,11.0,60.05417,34.247253,
2412,193,7.0,55.230415,33.886898,
2413,193,38.0,39.491318,24.057922,
2414,193,2.0,61.50606,9.182514,
2415,193,40.0,60.23126,9.413399,
2416,193,41.0,36.973743,24.76119,
2417,193,44.0,53.70545,19.654085,
2418,193,46.0,40.326527,28.150496,
2419,194,26.0,31.812199,26.155388,
2420,194,33.0,43.443104,18.374376,
2421,194,13.0,33.852287,22.203182,
2422,194,3.0,52.035454,18.880919,
2423,194,11.0,59.974453,34.177185,
2424,194,7.0,55.216778,33.92441,
2425,194,38.0,39.23274,24.08508,
2426,194,2.0,61.66831,9.051297,
2427,194,40.0,60.38267,9.367894,
2428,194,44.0,53.739628,19.365616,
2429,194,42.0,37.836056,26.23145,
2430,195,26.0,31.411758,26.045929,
2431,195,33.0,43.331394,18.249767,
2432,195,13.0,33.55736,22.033987,
2433,195,3.0,52.012566,18.700842,
2434,195,11.0,59.938477,34.04507,
2435,195,7.0,55.203735,33.97472,
2436,195,38.0,39.0362,23.999424,
2437,195,2.0,61.804287,8.912568,
2438,195,40.0,60.515587,9.181607,
2439,195,44.0,53.744587,19.131618,
2440,195,42.0,37.56657,26.339718,
2441,195,41.0,36.536385,24.629137,
2442,196,26.0,31.104134,25.874678,
2443,196,33.0,43.25055,18.090017,
2444,196,13.0,33.303,21.782589,
2445,196,3.0,52.002888,18.410946,
2446,196,11.0,59.926807,33.855854,
2447,196,7.0,55.21511,33.96076,
2448,196,38.0,38.86764,23.887348,
2449,196,2.0,61.99942,8.783066,
2450,196,40.0,60.672577,8.974607,
2451,196,44.0,53.81849,18.770927,
2452,196,42.0,37.36318,26.13782,
2453,196,4.0,46.096085,43.323902,
2454,197,26.0,30.813492,25.57225,
2455,197,33.0,43.161095,17.962517,
2456,197,13.0,33.01381,21.600962,
2457,197,3.0,51.961193,18.149382,
2458,197,11.0,59.872314,33.708946,
2459,197,7.0,55.206398,33.88411,
2460,197,38.0,38.68481,23.747393,
2461,197,2.0,62.1437,8.580651,
2462,197,40.0,60.841797,8.777156,
2463,197,44.0,53.88534,18.413198,
2464,197,42.0,37.232487,25.988615,
2465,197,50.0,31.9626,27.58652,
2466,197,5.0,50.63933,29.310467,
2467,197,46.0,39.720863,28.02375,
2468,198,26.0,30.566006,25.371439,
2469,198,33.0,43.05036,17.876995,
2470,198,13.0,32.703804,21.409943,
2471,198,3.0,51.920437,17.88574,
2472,198,11.0,59.779713,33.62925,
2473,198,7.0,55.181885,33.800266,
2474,198,38.0,38.52849,23.499216,
2475,198,2.0,62.295063,8.35961,
2476,198,40.0,60.97985,8.538411,
2477,198,44.0,53.939953,18.088547,
2478,198,50.0,31.825968,27.60136,
2479,198,5.0,50.6391,29.26194,
2480,198,46.0,39.613216,27.603191,
2481,198,49.0,41.816536,22.011995,
2482,198,41.0,36.00397,24.115528,
2483,199,26.0,30.301788,25.284353,
2484,199,33.0,42.927197,17.664608,
2485,199,13.0,32.45627,21.135132,
2486,199,3.0,51.881737,17.666685,
2487,199,11.0,59.678196,33.577057,
2488,199,7.0,55.173332,33.76883,
2489,199,38.0,38.353836,23.289408,
2490,199,2.0,62.44247,8.156254,
2491,199,40.0,61.106148,8.272009,
2492,199,44.0,53.94845,17.746119,
2493,199,50.0,31.585827,27.67725,
2494,199,5.0,50.63533,29.086208,
2495,199,49.0,41.571724,21.8193,
2496,199,41.0,35.805256,23.964241,
2497,200,26.0,30.09773,25.080135,
2498,200,33.0,42.79163,17.497982,
2499,200,13.0,32.155453,20.840828,
2500,200,3.0,51.836025,17.358498,
2501,200,11.0,59.593075,33.51976,
2502,200,7.0,55.16574,33.73957,
2503,200,38.0,38.18294,23.115202,
2504,200,2.0,62.575058,8.030895,
2505,200,40.0,61.27794,8.092006,
2506,200,44.0,53.93592,17.518291,
2507,200,5.0,50.66256,28.93323,
2508,200,49.0,41.36448,21.623884,
2509,200,41.0,35.63982,23.619535,
2510,200,46.0,39.265354,27.331186,
2511,201,33.0,42.658676,17.303123,
2512,201,13.0,31.896664,20.598545,
2513,201,3.0,51.80896,16.993216,
2514,201,11.0,59.43602,33.50767,
2515,201,7.0,55.11668,33.744072,
2516,201,38.0,37.908386,22.91018,
2517,201,2.0,62.666138,7.8680453,
2518,201,40.0,61.354465,8.639151,
2519,201,44.0,53.967125,17.36989,
2520,201,5.0,50.656395,28.975819,
2521,201,49.0,41.1339,21.387527,
2522,201,41.0,35.450417,23.428274,
2523,201,51.0,39.19789,22.883581,
2524,201,46.0,39.121033,27.15524,
2525,201,50.0,31.13643,27.438242,
2526,202,33.0,42.517315,17.158539,
2527,202,13.0,31.635998,20.322248,
2528,202,3.0,51.76197,16.691305,
2529,202,11.0,59.316395,33.482388,
2530,202,7.0,55.070034,33.69116,
2531,202,38.0,37.75996,22.795336,
2532,202,2.0,62.78631,7.8127055,
2533,202,40.0,61.43597,8.749896,
2534,202,44.0,53.971893,17.185982,
2535,202,5.0,50.619644,29.141539,
2536,202,49.0,40.90973,21.171223,
2537,202,41.0,35.236877,23.19017,
2538,202,46.0,38.990383,26.978224,
2539,202,50.0,30.93935,27.248726,
2540,203,33.0,42.349297,16.96809,
2541,203,13.0,31.377588,20.11971,
2542,203,3.0,51.734425,16.330738,
2543,203,11.0,59.17518,33.41431,
2544,203,7.0,55.026936,33.67008,
2545,203,38.0,37.534252,22.703176,
2546,203,2.0,62.909855,7.6837296,
2547,203,40.0,61.484306,8.662311,
2548,203,44.0,53.98202,17.020832,
2549,203,5.0,50.571438,29.152443,
2550,203,49.0,40.636776,20.940453,
2551,203,41.0,34.97104,22.997574,
2552,203,46.0,38.811996,26.814308,
2553,203,50.0,30.696056,27.176851,
2554,203,4.0,44.514442,44.015007,
2555,204,33.0,42.206886,16.748644,
2556,204,3.0,51.687527,16.032557,
2557,204,11.0,58.95436,33.3947,
2558,204,7.0,54.97177,33.478836,
2559,204,38.0,37.333893,22.43757,
2560,204,2.0,63.037514,7.4542313,
2561,204,40.0,61.579464,8.316838,
2562,204,44.0,54.013836,16.85076,
2563,204,5.0,50.514008,29.152502,
2564,204,49.0,40.36993,20.724108,
2565,204,41.0,34.73887,22.673727,
2566,204,46.0,38.6322,26.726448,
2567,204,50.0,30.480875,27.04743,
2568,205,33.0,42.05396,16.563715,
2569,205,3.0,51.58052,15.737933,
2570,205,11.0,58.745102,33.36225,
2571,205,7.0,54.87633,33.166973,
2572,205,38.0,37.121735,22.191093,
2573,205,2.0,63.133434,7.365936,
2574,205,40.0,61.762375,7.6250343,
2575,205,44.0,54.05504,16.589214,
2576,205,49.0,40.07898,20.460176,
2577,205,41.0,34.407757,22.495527,
2578,205,46.0,38.418976,26.647242,
