,frame,tracker_id,x,y,label
0,0,1,826.0,701.0,
1,0,2,579.0,882.5,
2,0,3,724.0,422.0,
3,0,4,884.5,94.0,
4,0,5,1419.0,685.0,
5,0,6,1312.0,130.0,
6,0,7,810.5,233.5,
7,0,8,1130.0,226.5,
8,0,9,438.5,603.5,
9,0,10,840.0,613.5,
10,0,11,1517.0,293.5,
11,0,12,852.5,517.0,
12,0,13,708.5,505.0,
13,0,14,680.0,636.5,
14,1,1,826.43384,701.0,
15,1,2,580.30164,880.7644,
16,1,3,724.0,422.0,
17,1,4,884.5,93.56612,
18,1,5,1418.5662,685.0,
19,1,6,1310.6984,129.13223,
20,1,7,810.5,233.5,
21,1,8,1129.5662,227.36777,
22,1,9,438.9339,603.5,
23,1,10,838.69836,613.5,
24,1,11,1517.0,293.0661,
25,1,12,850.7644,515.69836,
26,1,13,708.9339,505.4339,
27,1,14,680.43384,636.9339,
28,2,1,826.5082,701.3898,
29,2,2,580.5251,881.2418,
30,2,3,724.3898,422.38977,
31,2,4,884.8882,93.491684,
32,2,5,1418.4918,685.3898,
33,2,6,1310.8652,128.9836,
34,2,7,811.27954,233.5,
35,2,8,1129.4917,227.51685,
36,2,9,438.6184,603.5,
37,2,10,838.0832,614.2859,
38,2,11,1518.9557,292.60077,
39,2,12,853.5072,515.47327,
40,2,13,709.00836,504.7325,
41,3,1,825.75696,702.2782,
42,3,2,580.57166,881.0464,
43,3,3,724.1325,422.51227,
44,3,4,884.24274,93.86105,
45,3,5,1417.7109,685.51196,
46,3,6,1310.5598,129.3345,
47,3,7,811.14246,233.5,
48,3,8,1129.8558,228.68756,
49,3,9,438.5115,603.8816,
50,3,10,836.0149,615.6675,
51,3,11,1519.946,293.61636,
52,3,12,854.46643,516.19714,
53,3,13,709.4076,504.88577,
54,4,1,825.5139,703.2901,
55,4,2,580.2009,881.35547,
56,4,3,724.0394,422.1748,
57,4,4,884.4007,93.981766,
58,4,5,1417.4684,685.54156,
59,4,6,1310.0986,129.8281,
60,4,7,811.07996,233.5,
61,4,8,1129.6125,229.05603,
62,4,9,438.1137,604.00385,
63,4,10,833.52454,616.83386,
64,4,11,1520.9531,293.58112,
65,4,12,855.46075,516.4365,
66,4,13,709.89685,505.3142,
67,5,1,825.4444,703.24207,
68,5,2,580.4258,881.81995,
69,5,3,724.36597,422.41205,
70,5,4,884.4595,94.37659,
71,5,5,1415.9631,684.82227,
72,5,6,1309.9545,130.70636,
73,5,7,811.40906,233.85797,
74,5,8,1129.1707,229.15414,
75,5,9,438.34088,604.0382,
76,5,10,829.16187,621.8465,
77,5,11,1521.962,294.2777,
78,5,12,857.5343,517.9403,
79,6,1,824.34314,703.9125,
80,6,2,580.50214,881.98083,
81,6,3,724.4793,422.141,
82,6,4,884.48206,94.50942,
83,6,5,1414.4021,685.27893,
84,6,6,1310.2666,131.00487,
85,6,7,811.8696,233.98216,
86,6,8,1129.0171,229.51459,
87,6,9,438.4281,604.04407,
88,6,10,827.01984,623.8867,
89,6,11,1522.9692,295.2136,
90,6,12,858.9165,518.1058,
91,7,1,822.5586,704.47095,
92,7,2,581.21313,882.0332,
93,7,3,724.5165,422.0433,
94,7,4,884.4909,94.54941,
95,7,5,1413.1935,685.096,
96,7,6,1310.3883,131.44171,
97,7,7,812.0255,234.02237,
98,7,8,1128.6243,229.28384,
99,7,9,438.80707,603.697,
100,7,10,825.9962,624.5475,
101,7,11,1523.6274,295.88037,
102,7,12,860.04004,517.79297,
103,8,1,821.26855,704.9913,
104,8,2,581.4683,882.0467,
105,8,3,724.5267,422.008,
106,8,4,884.4946,94.55725,
107,8,5,1412.1082,684.6886,
108,8,6,1310.4384,131.5859,
109,8,7,812.0724,234.03294,
110,8,8,1128.1458,229.5214,
111,8,9,439.62537,603.9072,
112,8,10,826.72986,625.38464,
113,8,11,1523.4751,296.10046,
114,8,12,861.07666,516.9917,
115,9,1,820.8484,705.8462,
116,9,2,581.8917,882.3845,
117,9,3,725.2041,421.99585,
118,9,4,884.4963,94.55452,
119,9,5,1411.4087,684.87744,
120,9,6,1310.46,132.30243,
121,9,7,811.7422,234.37206,
122,9,8,1127.6404,229.59708,
123,9,9,440.25647,603.98364,
124,9,10,826.4113,625.62427,
125,9,11,1523.7211,295.13092,
126,9,12,861.0945,517.35486,
127,9,16,466.2,555.69995,
128,9,14,682.48676,637.99744,
129,10,1,820.04364,705.78406,
130,10,2,582.37756,882.5054,
131,10,3,726.1244,422.32855,
132,10,4,884.4972,95.55914,
133,10,5,1410.5144,684.9497,
134,10,6,1310.1338,132.89027,
135,10,7,812.2877,234.49405,
136,10,8,1126.7876,229.61224,
137,10,10,826.01575,625.9907,
138,10,11,1524.1196,295.10437,
139,10,12,860.71484,517.8219,
140,10,16,466.8153,556.3153,
141,11,1,820.12646,705.7373,
142,11,2,582.2125,882.54486,
143,11,3,727.1322,422.11707,
144,11,4,884.4977,95.927734,
145,11,5,1409.5474,685.31555,
146,11,6,1310.3495,133.42802,
147,11,7,812.82043,234.19867,
148,11,8,1126.8191,229.60794,
149,11,10,826.5928,626.0696,
150,11,11,1524.9155,294.74704,
151,11,12,861.186,517.9952,
152,11,16,467.41174,555.74274,
153,12,1,819.5065,706.7196,
154,12,2,582.14026,883.55536,
155,12,3,727.1614,422.37155,
156,12,4,884.49805,96.725174,
157,12,5,1408.892,685.45105,
158,12,6,1310.7683,134.94972,
159,12,7,812.67566,235.09093,
160,12,8,1126.5098,229.5978,
161,12,10,828.8534,625.718,
162,12,11,1525.1781,296.31015,
163,12,12,861.99304,518.054,
164,12,16,467.20383,555.5476,
165,13,1,819.3026,707.39905,
166,13,2,582.4376,884.5927,
167,13,3,727.4911,423.13504,
168,13,4,884.1666,98.00729,
169,13,5,1407.3464,686.1661,
170,13,6,1310.9263,135.50024,
171,13,7,812.281,236.08537,
172,13,8,1126.407,229.58563,
173,13,10,829.3999,623.5786,
174,13,11,1525.2505,296.5335,
175,13,12,862.2699,518.07074,
176,14,1,818.2451,707.9667,
177,14,2,582.2072,886.647,
178,14,3,726.2691,425.084,
179,14,4,884.7064,99.1437,
180,14,5,1405.8033,687.4304,
181,14,6,1310.9849,137.6807,
182,14,7,812.45953,237.44891,
183,14,8,1126.3816,231.59125,
184,14,10,831.95544,627.02234,
185,14,11,1525.2458,298.6458,
186,14,12,862.673,517.4129,
187,15,1,818.2134,710.1714,
188,15,2,581.78,889.06714,
189,15,3,725.14,428.45703,
190,15,4,884.5781,100.548935,
191,15,5,1403.603,688.23047,
192,15,6,1311.0056,140.46854,
193,15,7,812.1914,239.60551,
194,15,8,1126.048,233.65227,
195,15,10,831.2849,627.3093,
196,15,11,1525.9026,301.08667,
197,15,12,861.504,516.83606,
198,16,1,819.5637,714.3108,
199,16,2,581.6171,891.2742,
200,16,3,725.04144,430.36853,
201,16,4,884.1961,102.71932,
202,16,5,1402.8152,689.8493,
203,16,6,1310.6824,142.80481,
204,16,7,811.75366,241.73099,
205,16,8,1125.2615,235.08426,
206,16,10,833.6701,627.05273,
207,16,11,1527.7771,306.5644,
208,16,12,861.03076,518.5531,
209,17,1,820.75134,716.81647,
210,17,2,581.88574,892.7346,
211,17,3,725.00464,432.0573,
212,17,4,884.0543,103.83502,
213,17,5,1402.8958,691.7699,
214,17,6,1311.2189,144.97198,
215,17,7,811.919,243.16745,
216,17,8,1124.6453,236.26117,
217,17,10,835.2361,628.2422,
218,17,11,1528.7964,308.93668,
219,17,12,860.18256,520.5145,
220,17,17,1114.5,410.0,
221,18,1,822.1986,718.03784,
222,18,2,582.6484,893.90967,
223,18,3,724.9917,433.32385,
224,18,4,884.3302,104.55795,
225,18,5,1402.968,693.7975,
226,18,6,1312.4187,146.74057,
227,18,7,811.98083,244.00797,
228,18,8,1124.4309,237.33514,
229,18,10,836.8219,631.31335,
230,18,11,1530.477,311.44598,
231,18,12,860.48584,520.2953,
232,18,17,1114.883,410.0,
233,18,13,706.0741,520.363,
234,19,1,823.0753,719.1101,
235,19,2,582.6002,894.3124,
236,19,3,725.3169,434.099,
237,19,4,884.4385,105.79147,
238,19,5,1401.7032,693.86505,
239,19,6,1314.1875,148.01843,
240,19,7,812.0031,244.95328,
241,19,8,1124.0315,238.03934,
242,19,10,836.4154,632.4386,
243,19,11,1531.748,313.33246,
244,19,12,860.59204,519.5472,
245,19,17,1112.2944,407.66968,
246,19,13,707.9757,519.0869,
247,19,16,466.07843,570.05194,
248,20,1,822.41174,719.79553,
249,20,2,582.24524,894.7562,
250,20,3,724.7809,434.3542,
251,20,4,884.4792,106.223206,
252,20,5,1400.2644,694.1926,
253,20,6,1314.1832,148.77773,
254,20,7,812.01044,245.27753,
255,20,8,1124.2319,238.93854,
256,20,10,836.5772,634.81537,
257,20,11,1532.5312,313.34116,
258,20,12,859.66077,519.5801,
259,20,17,1111.0994,406.1916,
260,20,13,706.99304,520.28156,
261,20,16,462.65335,571.85986,
262,21,1,821.1603,720.3345,
263,21,2,581.7771,895.2192,
264,21,3,724.57886,435.07605,
265,21,4,884.825,107.014305,
266,21,5,1398.4297,695.29,
267,21,6,1313.8348,149.34283,
268,21,7,812.0122,245.69743,
269,21,8,1122.657,239.90852,
270,21,10,835.6301,635.66394,
271,21,11,1533.1265,312.9566,
272,21,12,859.6083,520.8777,
273,21,17,1110.3926,406.1168,
274,21,13,708.2772,519.7104,
275,22,1,820.0245,720.4888,
276,22,2,581.5974,895.02734,
277,22,3,723.844,435.3156,
278,22,4,884.62463,107.28151,
279,22,5,1395.4651,696.00433,
280,22,6,1312.6931,149.50473,
281,22,7,811.018,245.49251,
282,22,8,1122.0735,242.59851,
283,22,10,832.944,635.27466,
284,22,11,1533.9788,313.41183,
285,22,12,859.2525,521.05176,
286,22,17,1109.4923,406.14917,
287,22,13,706.78516,520.4574,
288,22,19,1187.6,584.2,
289,23,1,819.93744,720.5053,
290,23,2,581.5294,894.9221,
291,23,3,723.5696,435.37396,
292,23,4,884.54755,107.35153,
293,23,5,1393.727,696.2441,
294,23,6,1311.5947,149.52191,
295,23,7,810.6438,245.3855,
296,23,8,1122.5292,243.87537,
297,23,10,831.92554,634.0796,
298,23,11,1534.9298,312.55,
299,23,12,859.11395,521.1085,
300,23,17,1108.8721,406.5453,
301,23,13,707.8728,520.0514,
302,23,19,1187.5226,583.65784,
303,24,1,820.90784,720.14233,
304,24,2,581.8357,895.1873,
305,24,3,723.80164,435.36658,
306,24,4,885.17883,107.019165,
307,24,5,1393.4568,697.30164,
308,24,6,1312.1777,149.48895,
309,24,7,811.1704,245.98468,
310,24,8,1122.7202,243.99437,
311,24,10,831.222,632.94055,
312,24,11,1535.2576,313.83038,
313,24,12,859.38635,522.1044,
314,24,13,708.9345,520.2097,
315,24,19,1187.886,584.25665,
316,25,1,821.61237,719.6373,
317,25,2,581.951,894.9338,
318,25,3,724.2252,435.00702,
319,25,4,885.4159,106.87073,
320,25,5,1392.7418,697.6736,
321,25,6,1312.7297,149.77316,
322,25,7,811.70044,245.86041,
323,25,8,1123.138,243.99448,
324,25,10,831.29944,632.81744,
325,25,11,1536.3408,314.9373,
326,25,12,860.15027,524.7925,
327,25,13,707.7016,520.9042,
328,25,19,1188.377,584.45996,
329,26,1,822.2112,719.4185,
330,26,2,582.6532,894.81714,
331,26,3,724.7175,434.1916,
332,26,4,885.5028,106.79292,
333,26,5,1392.1855,698.1184,
334,26,6,1313.271,149.843,
335,26,7,811.9037,245.7898,
336,26,8,1122.6459,243.95842,
337,26,10,831.67346,632.75085,
338,26,11,1538.6995,315.64856,
339,26,12,860.77106,527.13605,
340,26,13,706.8899,521.1449,
341,26,19,1188.8931,585.2464,
342,27,1,823.0979,719.3148,
343,27,2,582.91833,894.75195,
344,27,3,724.90735,434.19,
345,27,4,885.5318,106.7422,
346,27,5,1391.6882,698.5911,
347,27,6,1313.7993,149.84515,
348,27,7,812.3102,245.74466,
349,27,8,1122.7985,243.58293,
350,27,10,831.4918,633.3749,
351,27,11,1541.5344,316.21075,
352,27,12,861.3315,527.29456,
353,27,13,707.256,520.8827,
354,27,19,1189.0591,585.5093,
355,28,1,823.7573,719.25684,
356,28,2,583.0137,894.7118,
357,28,3,724.97784,434.17688,
358,28,4,885.20776,106.70778,
359,28,5,1389.5637,699.0748,
360,28,6,1313.6594,149.81662,
361,28,7,812.4618,245.71155,
362,28,8,1123.1968,243.74225,
363,28,10,831.43164,633.2595,
364,28,11,1543.5585,316.71765,
365,28,12,861.1894,527.66223,
366,28,13,708.3884,520.10724,
367,29,1,823.6653,719.5502,
368,29,2,583.045,894.68274,
369,29,3,725.0034,434.15955,
370,29,4,885.0834,106.681114,
371,29,5,1388.1426,699.8926,
372,29,6,1313.2683,149.78374,
373,29,7,812.516,245.68494,
374,29,8,1123.0222,244.44043,
375,29,10,830.75037,633.5338,
376,29,11,1544.9414,317.5329,
377,29,12,860.4608,528.1071,
378,29,13,708.8148,519.14636,
379,29,16,473.38455,567.76697,
380,29,19,1189.1176,586.0134,
381,30,1,823.6213,719.6443,
382,30,2,582.72144,894.9904,
383,30,3,724.6815,434.14197,
384,30,4,885.3662,106.658844,
385,30,5,1386.9879,700.1795,
386,30,6,1313.4492,150.08383,
387,30,7,812.20264,245.33191,
388,30,8,1122.6298,244.67987,
389,30,10,830.5039,634.28986,
390,30,11,1546.7356,317.8079,
391,30,12,860.18066,528.91437,
392,30,13,708.9746,519.0982,
393,30,17,1107.2998,417.36926,
394,31,1,823.59894,719.66754,
395,31,2,582.59534,895.0949,
396,31,3,724.559,434.1256,
397,31,4,885.4717,106.63965,
398,31,5,1387.2563,700.59424,
399,31,6,1313.5139,150.51028,
400,31,7,812.08203,245.189,
401,31,8,1122.4883,245.07925,
402,31,10,830.08826,633.89185,
403,31,11,1548.3547,317.87927,
404,31,12,860.40735,527.52075,
405,31,13,709.03076,518.7436,
406,31,17,1107.3174,418.06256,
407,32,1,823.2538,719.66296,
408,32,2,582.54584,894.79205,
409,32,3,724.8435,434.11093,
410,32,4,885.1787,106.622894,
411,32,5,1386.7461,701.05725,
412,32,6,1313.2012,150.98494,
413,32,7,812.03467,244.79367,
414,32,8,1122.4419,245.20691,
415,32,10,829.27747,633.39685,
416,32,11,1549.5757,318.5362,
417,32,12,860.16016,526.9868,
418,32,13,708.7185,518.60645,
419,32,17,1107.3131,418.2912,
420,33,1,823.44824,719.6494,
421,33,2,582.8562,894.9994,
422,33,3,724.9514,434.09787,
423,33,4,885.3971,106.608215,
424,33,5,1386.5955,701.8744,
425,33,6,1312.7505,151.14583,
426,33,7,812.01624,244.97028,
427,33,8,1122.4304,245.23474,
428,33,10,828.6514,633.1997,
429,33,11,1551.3035,318.75934,
430,33,12,860.0637,527.09753,
431,33,13,708.595,518.2196,
432,33,17,1107.3247,417.34192,
433,34,1,822.19666,718.9732,
434,34,2,582.9719,894.74036,
435,34,3,724.9916,433.75595,
436,34,4,885.14795,106.59532,
437,34,5,1386.2412,701.8236,
438,34,6,1312.9114,151.18924,
439,34,7,812.3384,245.03253,
440,34,8,1121.7684,245.89014,
441,34,10,828.76306,633.7839,
442,34,11,1552.5664,317.49146,
443,34,12,860.35724,528.7832,
444,34,13,708.54614,518.738,
445,34,17,1107.0084,416.9574,
446,35,1,821.0608,718.7095,
447,35,2,582.6828,894.63403,
448,35,3,725.0058,433.28912,
449,35,4,884.7221,106.584,
450,35,5,1385.1439,701.7814,
451,35,6,1312.6409,151.8523,
452,35,7,811.8005,245.05133,
453,35,8,1121.5254,245.45651,
454,35,10,828.8181,634.6603,
455,35,11,1553.6493,317.98212,
456,35,12,860.4675,530.0755,
457,35,13,708.197,518.93005,
458,35,17,1106.5687,416.45966,
459,36,1,818.97046,718.6035,
460,36,2,582.24097,894.58826,
461,36,3,724.3456,433.44217,
462,36,4,884.56165,106.24344,
463,36,5,1383.7681,701.74634,
464,36,6,1312.5392,151.7561,
465,36,7,811.5956,244.72406,
466,36,8,1121.1104,245.60765,
467,36,10,826.8491,635.6482,
468,36,11,1554.3364,319.47284,
469,36,12,860.8444,530.19727,
470,36,13,708.0636,518.6707,
471,36,17,1105.7488,416.9251,
472,37,1,816.8821,717.9016,
473,37,2,582.0737,894.56635,
474,37,3,724.42993,433.16705,
475,37,4,884.5027,106.44116,
476,37,5,1382.954,701.7162,
477,37,6,1311.8381,151.70367,
478,37,7,811.5189,244.59607,
479,37,8,1120.6301,245.6499,
480,37,10,827.1244,636.0038,
481,37,11,1555.2081,319.68713,
482,37,12,860.64355,530.22473,
483,37,13,707.6847,518.8994,
484,37,17,1105.4568,417.08597,
485,38,1,815.44714,717.63336,
486,38,2,582.01166,894.5541,
487,38,3,724.46387,433.06116,
488,38,4,884.48254,106.51221,
489,38,5,1381.3564,701.3582,
490,38,6,1311.5774,151.6712,
491,38,7,811.4916,244.54584,
492,38,8,1120.1272,246.31662,
493,38,10,827.922,636.1207,
494,38,11,1558.4596,321.3962,
495,38,12,860.56616,530.2171,
496,38,13,707.542,518.6565,
497,38,17,1105.3635,416.46313,
498,39,1,814.5967,716.8722,
499,39,2,581.98975,894.2155,
500,39,3,724.80945,433.021,
501,39,4,884.80725,106.53543,
502,39,5,1379.7957,701.20996,
503,39,6,1311.4838,151.64777,
504,39,7,811.8136,244.5255,
505,39,8,1120.9426,247.21768,
506,39,10,825.90125,637.4805,
507,39,11,1560.9575,323.0088,
508,39,12,860.5353,530.8645,
509,39,13,708.1498,518.89136,
510,39,17,1105.3428,415.55414,
511,39,21,848.3,478.2,
512,40,1,813.9707,716.5866,
513,40,2,581.98303,894.41516,
514,40,3,724.94006,432.34344,
515,40,4,884.6012,106.54071,
516,40,5,1378.9175,700.8128,
517,40,6,1311.7844,150.96674,
518,40,7,811.9363,244.51675,
519,40,8,1120.2651,247.21136,
520,40,10,825.1554,637.977,
521,40,11,1562.8348,324.24976,
522,40,12,860.85706,530.4199,
523,40,13,708.3824,518.9791,
524,40,17,1105.3477,414.87592,
525,40,21,849.61035,478.4312,
526,40,16,472.18814,570.0118,
527,41,1,813.76025,716.81366,
528,41,2,582.3126,894.1587,
529,41,3,725.31964,432.0893,
530,41,4,884.5239,106.20915,
531,41,5,1377.9644,700.98755,
532,41,6,1311.902,150.70233,
533,41,7,811.98254,244.51257,
534,41,8,1120.0168,247.19489,
535,41,10,825.223,637.81396,
536,41,11,1565.1362,325.68216,
537,41,12,861.6427,530.2412,
538,41,13,708.1386,518.01776,
539,41,17,1104.695,414.95282,
540,41,21,850.0502,478.12335,
541,42,1,813.37524,716.5744,
542,42,2,582.1078,894.06055,
543,42,3,725.1303,431.99677,
544,42,4,884.496,106.41237,
545,42,5,1376.6527,701.3778,
546,42,6,1312.2798,150.26721,
547,42,7,811.99945,244.51022,
548,42,8,1120.2615,246.84471,
549,42,10,824.93396,637.7377,
550,42,11,1567.2637,325.20663,
551,42,12,861.26843,528.1806,
552,42,13,708.0458,517.32214,
553,42,17,1104.1301,413.9867,
554,43,1,813.91565,716.81805,
555,43,2,581.37024,893.69275,
556,43,3,725.0567,431.9657,
557,43,4,884.48676,106.15709,
558,43,5,1375.5356,701.8489,
559,43,6,1312.4241,149.76813,
560,43,7,812.00525,244.17819,
561,43,8,1120.0316,246.6994,
562,43,10,824.51025,637.03326,
563,43,11,1568.6666,325.65265,
564,43,12,860.7982,527.73047,
565,43,13,708.0112,518.38617,
566,43,17,1103.9303,413.29178,
567,44,1,814.46826,716.9132,
568,44,2,581.09235,893.5535,
569,44,3,724.6969,431.9577,
570,44,4,884.4847,106.05853,
571,44,5,1374.8221,701.69165,
572,44,6,1312.4784,150.24481,
573,44,7,812.0068,244.05234,
574,44,8,1119.9517,245.97372,
575,44,10,824.36597,637.08606,
576,44,11,1570.1213,326.1231,
577,44,12,860.6123,528.2142,
578,44,13,707.99866,518.78973,
579,44,17,1103.2053,412.70572,
580,44,22,724.0,920.0,
581,45,1,815.0248,716.9519,
582,45,2,580.9916,893.50256,
583,45,3,724.5606,431.9581,
584,45,4,884.4851,106.020996,
585,45,5,1373.9332,701.6234,
586,45,6,1311.8342,150.42352,
587,45,7,811.67566,243.67491,
588,45,8,1120.262,246.02458,
589,45,10,823.9962,636.7688,
590,45,11,1571.9266,326.93365,
591,45,12,860.54004,529.3956,
592,45,13,707.66565,518.9436,
593,45,17,1102.9453,410.8333,
594,45,22,723.6146,920.0,
595,45,16,470.67197,571.46405,
596,45,21,847.75757,478.46768,
597,46,1,815.24866,716.96857,
598,46,2,580.958,893.8157,
599,46,3,724.51,431.96127,
600,46,4,884.1554,105.67586,
601,46,5,1372.9758,702.5818,
602,46,6,1311.9246,150.8209,
603,46,7,812.2113,243.53476,
604,46,8,1120.3838,246.03961,
605,46,10,823.8714,636.64026,
606,46,11,1573.867,327.54352,
607,46,12,860.5123,529.506,
608,46,13,707.5398,519.0003,
609,46,17,1102.8639,410.13928,
610,46,22,723.4857,919.61096,
611,46,16,469.8346,571.9101,
612,47,1,815.343,716.64655,
613,47,2,581.2812,893.60425,
614,47,3,724.82275,431.63458,
615,47,4,884.3624,105.87625,
616,47,5,1372.6508,703.2665,
617,47,6,1312.9514,151.29836,
618,47,7,812.08435,243.81476,
619,47,8,1121.0985,246.37451,
620,47,10,826.15344,637.24805,
621,47,11,1575.8572,328.74152,
622,47,12,859.8389,527.88403,
623,47,13,707.494,518.03125,
624,47,17,1102.8466,410.56433,
625,47,22,723.8335,919.1133,
626,48,1,815.71826,716.8574,
627,48,2,581.4059,893.5253,
628,48,3,725.2708,432.17313,
629,48,4,884.44336,105.62286,
630,48,5,1371.5768,703.1879,
631,48,6,1313.3413,151.47534,
632,48,7,812.3646,244.25238,
633,48,8,1121.0359,246.49612,
634,48,10,825.6988,637.4725,
635,48,11,1577.1995,329.82764,
636,48,12,859.5873,527.60364,
637,48,13,707.8097,518.32324,
638,48,17,1103.1846,412.4015,
639,48,22,723.5912,918.5979,
640,49,1,815.8662,716.9394,
641,49,2,581.4551,893.4967,
642,49,3,725.4402,432.05084,
643,49,4,884.8045,105.85823,
644,49,5,1370.8757,703.1467,
645,49,6,1313.8157,151.53688,
646,49,7,812.4702,244.42004,
647,49,8,1121.3433,246.5375,
648,49,10,825.86584,637.5491,
649,49,11,1578.9641,330.537,
650,49,12,859.49536,526.84216,
651,49,13,707.93024,518.10425,
652,49,17,1102.989,413.42337,
653,49,22,723.5084,918.7882,
654,50,1,815.92566,716.9713,
655,50,2,581.4751,893.48724,
656,50,3,725.5022,432.33646,
657,50,4,884.611,105.61797,
658,50,5,1369.9862,703.7825,
659,50,6,1313.6584,151.22394,
660,50,7,812.5082,244.15216,
661,50,8,1121.4587,246.5487,
662,50,10,825.5977,637.90454,
663,50,11,1580.887,331.43613,
664,50,12,859.46436,526.8867,
665,50,13,707.97595,518.0226,
666,50,17,1102.9231,414.14282,
667,50,22,723.48206,918.52234,
668,51,1,815.9512,716.98425,
669,51,2,581.48364,893.485,
670,51,3,725.52313,432.4445,
671,51,4,884.5378,105.52832,
672,51,5,1369.3536,704.3428,
673,51,6,1313.593,151.10115,
674,51,7,812.5204,243.71875,
675,51,8,1121.5007,246.21802,
676,51,10,825.1692,638.03064,
677,51,11,1582.8679,331.41864,
678,51,12,859.45667,525.91785,
679,51,13,708.65265,517.9931,
680,51,17,1102.5771,414.74304,
681,51,22,723.1328,918.4364,
682,52,1,816.2919,716.66064,
683,52,2,581.15735,893.1549,
684,52,3,725.52856,432.4853,
685,52,4,884.5101,105.49577,
686,52,6,1313.8959,151.05244,
687,52,7,812.5231,243.88707,
688,52,8,1121.8448,246.09071,
689,52,10,825.012,637.7395,
690,52,11,1584.5417,331.04913,
691,52,12,859.12885,526.21625,
692,52,13,708.24854,517.9836,
693,52,17,1102.4531,414.96686,
694,52,22,723.0084,918.4148,
695,53,1,816.42413,716.53796,
696,53,2,581.03534,893.03174,
697,53,3,725.5283,432.50024,
698,53,4,884.49994,105.485016,
699,53,6,1314.6682,151.36348,
700,53,7,812.5222,243.6216,
701,53,8,1121.9733,246.04074,
702,53,10,825.29065,637.2903,
703,53,11,1586.0972,331.87527,
704,53,12,859.6631,525.6834,
705,53,13,708.4231,517.98157,
706,53,17,1102.7429,415.3747,
707,53,22,722.9673,918.4153,
708,53,5,1367.5195,704.5952,
709,54,1,817.1355,715.5022,
710,54,2,581.32117,892.6577,
711,54,3,726.1864,432.5053,
712,54,4,884.82666,105.48245,
713,54,6,1314.9531,151.47842,
714,54,7,813.18066,243.19302,
715,54,8,1121.6887,245.36063,
716,54,10,827.06555,637.1172,
717,54,11,1587.9402,333.49017,
718,54,12,859.8705,525.48755,
719,54,13,708.4879,518.31226,
720,54,17,1102.8596,415.1947,
721,54,22,723.2921,918.42267,
722,54,5,1367.2166,704.2777,
723,55,1,817.0731,715.11523,
724,55,2,581.43164,892.5189,
725,55,3,726.10254,432.50665,
726,55,4,884.9502,105.48285,
727,55,6,1315.3835,152.17955,
728,55,7,813.096,243.03278,
729,55,8,1121.9087,245.43362,
730,55,10,828.0609,637.05066,
731,55,11,1590.8799,335.06122,
732,55,12,859.9507,525.4215,
733,55,13,708.1819,518.43787,
734,55,17,1102.9093,415.11963,
735,55,22,723.4169,918.76587,
736,55,5,1366.7919,704.4916,
737,56,1,817.0466,714.9749,
738,56,2,581.80457,892.4706,
739,56,3,726.0666,432.5066,
740,56,4,884.9957,105.15398,
741,56,6,1314.8818,153.7541,
742,56,7,813.06067,242.97668,
743,56,8,1122.3212,245.46342,
744,56,10,828.75964,637.02454,
745,56,11,1591.9147,336.96188,
746,56,12,860.3109,526.06335,
747,56,13,708.3935,518.1559,
748,56,17,1103.5901,415.08527,
749,56,22,723.1322,918.89844,
750,56,5,1365.6719,705.88544,
751,57,1,817.36395,714.92896,
752,57,2,581.9451,892.12573,
753,57,3,725.71936,432.50613,
754,57,4,885.0115,105.36228,
755,57,6,1315.6652,155.00046,
756,57,7,813.0449,242.62906,
757,57,8,1122.8044,245.14508,
758,57,10,829.34644,637.0138,
759,57,11,1594.5593,339.29318,
760,57,12,860.11615,524.657,
761,57,13,708.8042,517.38684,
762,57,17,1103.8523,415.06744,
763,57,22,723.02625,918.9509,
764,57,5,1364.9487,706.40173,
765,58,1,817.4817,714.58856,
766,58,2,581.9968,891.99976,
767,58,3,725.9158,432.17523,
768,58,4,885.016,104.78212,
769,58,6,1315.959,156.11816,
770,58,7,813.036,242.50133,
771,58,8,1123.3119,244.69722,
772,58,10,829.5541,636.6784,
773,58,11,1598.4713,341.12766,
774,58,12,859.38684,524.139,
775,58,17,1103.9523,415.05655,
776,58,22,722.9885,918.6406,
777,58,5,1363.718,706.5853,
778,59,1,817.5232,714.46625,
779,59,2,582.01447,891.6261,
780,59,3,725.6593,432.37976,
781,59,4,885.01636,104.56436,
782,59,6,1316.0635,156.5323,
783,59,7,813.03033,242.45804,
784,59,8,1123.4983,244.53027,
785,59,10,828.95575,636.5512,
786,59,11,1602.5337,343.44067,
787,59,12,859.1084,523.9512,
788,59,17,1103.9897,414.71927,
789,59,22,722.9768,918.52527,
790,59,5,1362.9534,706.3097,
791,59,13,708.9877,517.0429,
792,60,1,818.19434,714.7562,
793,60,2,582.01953,892.1509,
794,60,3,725.8904,432.45856,
795,60,4,884.6851,104.4857,
796,60,6,1317.7346,157.32837,
797,60,7,813.02625,242.44647,
798,60,8,1123.8923,244.14069,
799,60,10,829.0523,636.173,
800,60,11,1605.6215,345.91577,
801,60,12,859.00525,523.2324,
802,60,17,1104.0033,414.58905,
803,60,22,722.6428,918.8164,
804,60,5,1362.0364,705.8652,
805,60,13,709.3584,516.6394,
806,61,1,818.7761,714.87354,
807,61,2,582.0198,892.35474,
808,61,3,726.3071,431.82715,
809,61,4,885.2197,104.46005,
810,61,6,1318.3633,157.61249,
811,61,7,813.0229,242.44647,
812,61,8,1124.0332,243.66681,
813,61,10,828.7512,636.3633,
814,61,11,1609.0139,349.4533,
815,61,12,858.9697,522.641,
816,61,17,1103.6785,414.2089,
817,61,22,722.18896,918.92786,
818,61,13,709.8208,516.16614,
819,62,1,819.31995,714.5918,
820,62,2,581.6881,891.4436,
821,62,3,727.12335,431.25897,
822,62,4,885.0912,104.12396,
823,62,6,1318.2563,157.04086,
824,62,7,813.0201,242.45038,
825,62,8,1123.7454,243.49507,
826,62,10,828.62964,636.43835,
827,62,11,1610.8512,350.7156,
828,62,12,858.9595,521.11475,
829,62,17,1103.2263,413.73572,
830,62,22,722.0211,918.6404,
831,63,1,819.84875,714.48975,
832,63,2,581.5616,891.1017,
833,63,3,727.428,431.04718,
834,63,4,885.0408,104.000885,
835,63,6,1318.5315,156.805,
836,63,7,813.34827,242.1247,
837,63,8,1123.6307,243.10565,
838,63,10,828.5781,636.46857,
839,63,11,1614.4375,352.45245,
840,63,12,859.28284,521.19885,
841,63,17,1103.384,412.5721,
842,63,22,722.6256,918.5324,
843,64,1,819.7068,714.12476,
844,64,2,581.51434,890.97864,
845,64,3,727.53595,430.9723,
846,64,4,885.02075,103.95924,
847,64,6,1318.2905,156.70383,
848,64,7,813.47046,242.00528,
849,64,8,1123.5833,243.29724,
850,64,10,828.8866,636.15015,
851,64,11,1616.008,352.7019,
852,64,12,859.41235,520.5969,
853,64,17,1103.4465,411.80212,
854,64,22,722.8572,918.8247,
855,65,1,818.6548,713.66235,
856,65,2,581.16656,890.9386,
857,65,3,727.2388,430.28687,
858,65,4,885.0125,103.61719,
859,65,6,1317.5256,156.32367,
860,65,7,813.18427,241.63437,
861,65,8,1123.5613,243.70602,
862,65,10,826.6782,634.3727,
863,65,11,1618.1526,353.04236,
864,65,12,858.80554,517.7543,
865,65,17,1103.1426,411.18933,
866,65,22,722.9457,918.60596,
867,65,16,472.44427,567.5885,
868,66,1,818.2505,713.1641,
869,66,2,581.0366,890.5988,
870,66,3,727.1207,429.7032,
871,66,4,885.0088,103.163055,
872,66,6,1317.2297,155.51216,
873,66,7,812.74225,241.4985,
874,66,8,1123.5488,243.86783,
875,66,10,826.1865,633.0708,
876,66,11,1621.8647,354.12958,
877,66,12,858.57825,517.6732,
878,66,17,1103.0283,410.96658,
879,66,22,722.9798,918.1927,
880,66,16,472.17487,568.15656,
881,67,1,818.0935,712.6517,
882,67,2,580.98987,890.47644,
883,67,3,727.07153,429.82272,
884,67,4,885.3379,102.9966,
885,67,6,1317.1123,155.19865,
886,67,7,812.5752,241.45264,
887,67,8,1123.5413,243.2706,
888,67,10,826.32434,631.6022,
889,67,11,1624.1505,355.14972,
890,67,12,858.8169,518.63403,
891,67,17,1102.6589,409.90662,
892,67,22,722.9928,918.03906,
893,67,16,472.42084,568.3378,
894,68,1,818.36475,712.1356,
895,68,2,581.6349,890.7666,
896,68,3,727.05005,430.20557,
897,68,4,885.46094,102.94055,
898,68,6,1317.0642,155.07762,
899,68,7,813.17456,241.10985,
900,68,8,1123.5356,243.04874,
901,68,10,828.3319,630.396,
902,68,11,1626.8992,355.48047,
903,68,12,858.58826,518.70984,
904,68,17,1102.8505,409.84406,
905,68,22,723.32947,917.65234,
906,68,16,472.50977,569.07446,
907,69,1,818.4658,711.9514,
908,69,2,581.8801,890.8817,
909,69,3,726.70996,431.34433,
910,69,4,885.5055,102.925896,
911,69,6,1317.0432,154.70056,
912,69,7,813.07104,241.31537,
913,69,8,1123.8617,242.97003,
914,69,10,829.78186,629.61926,
915,69,11,1632.1458,358.54266,
916,69,12,857.84705,519.0856,
917,69,17,1102.597,409.17505,
918,69,22,723.45514,917.5111,
919,69,16,472.8697,569.0251,
920,70,1,816.8517,711.56213,
921,70,2,581.6427,890.2702,
922,70,3,726.57996,431.77686,
923,70,4,885.52014,102.264984,
924,70,6,1316.3701,154.22643,
925,70,7,813.3612,241.39937,
926,70,8,1123.6516,242.61496,
927,70,10,831.6482,625.7091,
928,70,11,1637.6384,358.3324,
929,70,12,856.90515,514.61035,
930,70,17,1102.1741,408.60468,
931,70,22,723.501,917.4624,
932,70,16,472.339,568.34344,
933,71,1,814.5833,710.7633,
934,71,2,582.5412,889.71265,
935,71,3,727.1842,431.9427,
936,71,4,885.5236,102.02176,
937,71,6,1316.1155,154.04955,
938,71,7,813.13885,242.42726,
939,71,8,1123.5691,242.48636,
940,71,10,832.0089,625.2484,
941,71,12,856.5602,511.98212,
942,71,17,1102.0173,408.73352,
943,71,22,723.1876,917.11914,
944,71,16,472.13287,569.0846,
945,71,13,696.4706,510.61908,
946,72,1,811.752,709.4811,
947,72,2,582.8804,889.17694,
948,72,3,727.0874,432.0039,
949,72,4,885.85364,102.268326,
950,72,6,1315.6896,153.65479,
951,72,7,813.05255,243.48668,
952,72,8,1122.8735,242.44395,
953,72,12,855.1493,511.64752,
954,72,17,1101.6332,409.12503,
955,72,22,722.40625,915.6727,
956,72,16,473.37997,567.3748,
957,73,1,811.0343,708.01636,
958,73,2,584.329,888.3202,
959,73,3,727.70544,431.69534,
960,73,4,885.6448,102.3696,
961,73,6,1315.1997,153.51024,
962,73,7,813.02014,244.53821,
963,73,8,1121.6179,243.09595,
964,73,12,853.2757,511.90448,
965,73,17,1101.4927,409.9475,
966,73,22,722.1124,914.1478,
967,74,1,809.46655,705.1717,
968,74,2,585.53284,888.0076,
969,74,3,728.59814,431.57593,
970,74,4,886.8891,102.74454,
971,74,6,1315.3522,153.12901,
972,74,7,813.3419,245.59879,
973,74,8,1121.1465,243.34793,
974,74,12,849.2903,506.42346,
975,74,17,1101.1162,410.26428,
976,74,22,721.34406,912.9192,
977,74,10,815.82056,609.0946,
978,74,13,683.19763,495.69165,
979,75,1,806.9457,706.0769,
980,75,2,585.9713,888.56964,
981,75,3,728.59894,431.53006,
982,75,4,887.0227,103.554794,
983,75,6,1315.0834,152.66045,
984,75,7,813.4614,246.65637,
985,75,8,1120.3127,243.44333,
986,75,12,845.3153,501.27197,
987,75,17,1100.3177,409.39844,
988,75,22,720.398,910.1613,
989,75,13,678.91956,491.10608,
990,76,1,800.15424,704.1822,
991,76,2,586.45276,889.1216,
992,76,3,729.2526,432.83334,
993,76,4,886.7312,104.863434,
994,76,6,1314.9862,152.4898,
995,76,7,815.86975,247.0276,
996,76,8,1120.344,243.4798,
997,76,12,842.454,499.54346,
998,76,17,1099.3615,409.07614,
999,76,22,718.71765,908.14124,
1000,76,13,675.532,491.34872,
1001,76,10,806.89075,616.17004,
1002,77,1,794.33374,701.85535,
1003,77,2,587.28516,889.67126,
1004,77,3,729.166,433.31982,
1005,77,4,887.2879,106.02238,
1006,77,6,1314.9543,152.10167,
1007,77,7,818.7589,247.14713,
1008,77,8,1120.6951,243.16214,
1009,77,12,842.6364,509.7373,
1010,77,17,1099.0125,409.62762,
1011,77,22,716.4285,907.75195,
1012,77,13,669.74524,494.4381,
1013,77,10,803.4196,618.8722,
1014,78,1,784.34827,703.8965,
1015,78,2,587.5769,889.54425,
1016,78,3,730.4326,431.8653,
1017,78,4,887.1494,106.43977,
1018,78,6,1314.9473,151.96333,
1019,78,7,821.50916,247.51009,
1020,78,8,1121.8342,242.04591,
1021,78,12,840.7837,516.70703,
1022,78,17,1098.8954,410.17487,
1023,78,22,714.2699,908.9684,
1024,78,13,663.40204,494.04126,
1025,78,10,797.3384,619.6199,
1026,79,1,768.22266,702.7696,
1027,79,2,590.36145,889.162,
1028,79,3,731.5781,431.2932,
1029,79,4,886.7571,107.252975,
1030,79,6,1314.617,152.58287,
1031,79,7,825.8639,246.94913,
1032,79,8,1120.9423,242.95374,
1033,79,17,1097.8632,410.71558,
1034,79,22,712.1532,909.4585,
1035,79,13,658.0824,494.61035,
1036,79,10,790.8115,619.9497,
1037,79,23,823.3,462.9,
1038,79,5,1339.5593,707.51807,
1039,80,1,764.0596,703.34973,
1040,80,2,593.0635,889.3634,
1041,80,3,731.99133,432.41083,
1042,80,4,888.2921,107.87711,
1043,80,6,1314.1658,153.48517,
1044,80,7,832.498,246.0503,
1045,80,8,1119.946,242.97107,
1046,80,17,1097.4917,411.91904,
1047,80,22,712.0641,908.9962,
1048,80,13,653.8871,494.53476,
1049,80,10,781.34863,611.14404,
1050,80,23,817.24365,457.86523,
1051,80,5,1338.4651,708.5718,
1052,80,11,1681.1176,382.12134,
1053,80,12,831.52686,520.6859,
1054,81,1,758.36597,701.297,
1055,81,2,596.71796,890.1163,
1056,81,3,733.45135,434.14514,
1057,81,4,890.53595,108.427734,
1058,81,6,1313.0016,154.49602,
1059,81,7,838.83484,245.72195,
1060,81,8,1118.5798,242.97922,
1061,81,17,1096.0334,413.0324,
1062,81,22,712.06665,909.17395,
1063,81,13,649.79333,495.52094,
1064,81,10,768.9574,605.40643,
1065,81,5,1336.4329,708.251,
1066,81,11,1686.0298,382.74222,
1067,81,12,825.70026,524.8712,
1068,82,1,751.39014,700.86365,
1069,82,2,600.0185,891.05994,
1070,82,3,736.6793,435.81512,
1071,82,4,892.369,108.61157,
1072,82,6,1311.5706,155.20728,
1073,82,7,842.79517,245.59402,
1074,82,8,1117.4143,243.97797,
1075,82,17,1093.508,415.43768,
1076,82,22,712.75305,907.9363,
1077,82,13,646.0679,496.90857,
1078,82,10,762.345,606.5234,
1079,82,11,1688.0763,387.17603,
1080,82,12,819.69196,527.0028,
1081,83,2,603.5394,891.073,
1082,83,3,741.15186,437.73984,
1083,83,4,894.3727,109.34076,
1084,83,6,1309.7231,156.13011,
1085,83,7,845.8401,245.5438,
1086,83,8,1117.9812,245.3425,
1087,83,17,1091.2715,416.3192,
1088,83,22,715.03625,907.4822,
1089,83,13,639.8898,495.51028,
1090,83,10,751.59375,606.9624,
1091,83,11,1688.463,389.76117,
1092,83,12,815.5547,528.09534,
1093,84,2,607.48267,891.4088,
1094,84,3,742.789,436.82794,
1095,84,4,897.0815,110.596214,
1096,84,6,1307.0562,157.46388,
1097,84,7,850.18445,245.5239,
1098,84,8,1117.2253,246.50565,
1099,84,17,1088.7871,416.29803,
1100,84,22,716.9297,907.3336,
1101,84,13,632.35486,493.32654,
1102,84,11,1689.4341,387.79663,
1103,84,5,1325.7491,705.9791,
1104,84,1,719.3878,695.9829,
1105,85,2,612.2361,895.9453,
1106,85,3,746.96277,435.4624,
1107,85,4,901.71466,111.37746,
1108,85,6,1304.7482,159.94992,
1109,85,7,854.03284,245.1854,
1110,85,8,1115.6443,247.59412,
1111,85,17,1086.2235,417.6049,
1112,85,22,719.3169,905.9564,
1113,85,13,626.6914,492.53394,
1114,85,11,1693.5778,387.23206,
1115,85,24,1157.2,579.0,
1116,85,5,1322.5359,705.9465,
1117,85,1,709.4343,694.30273,
1118,85,10,739.638,603.3355,
1119,85,12,800.75665,521.856,
1120,86,2,618.194,898.54553,
1121,86,3,756.1107,429.63074,
1122,86,4,906.7457,112.98308,
1123,86,6,1303.9191,161.19345,
1124,86,7,860.66797,244.39407,
1125,86,8,1114.3956,248.65472,
1126,86,17,1084.986,420.3933,
1127,86,22,722.5177,906.1316,
1128,86,13,622.0929,492.26495,
1129,86,11,1696.6587,386.91647,
1130,86,24,1152.4211,577.8439,
1131,86,5,1319.1381,704.9368,
1132,86,1,703.6916,696.0242,
1133,87,2,621.6724,901.152,
1134,87,3,762.73267,430.12982,
1135,87,4,913.55493,115.55714,
1136,87,6,1302.3126,163.64203,
1137,87,7,868.00745,243.43625,
1138,87,8,1111.9705,249.3725,
1139,87,17,1083.9066,422.4063,
1140,87,22,726.3608,906.21814,
1141,87,13,617.55347,491.85834,
1142,87,11,1700.3477,386.7451,
1143,87,24,1147.6794,579.82214,
1144,87,5,1316.2898,705.56195,
1145,87,1,693.6189,696.3653,
1146,87,12,784.6885,516.6249,
1147,88,2,623.5443,903.4148,
1148,88,3,769.63574,433.70105,
1149,88,4,919.6754,117.486885,
1150,88,6,1300.7546,165.85315,
1151,88,7,877.32007,243.74911,
1152,88,8,1111.0684,250.61977,
1153,88,17,1083.5508,425.4532,
1154,88,22,730.7632,906.6002,
1155,88,13,613.3644,493.69748,
1156,88,11,1702.8938,386.2623,
1157,88,24,1142.2192,579.313,
1158,88,5,1312.3053,705.8095,
1159,88,1,683.1532,695.88403,
1160,88,12,774.1736,517.7844,
1161,89,2,627.4332,904.5622,
1162,89,3,776.60864,433.9781,
1163,89,4,924.8816,120.857864,
1164,89,6,1298.8782,168.64906,
1165,89,7,884.2908,245.89061,
1166,89,8,1109.4371,253.048,
1167,89,17,1083.1344,428.21857,
1168,89,22,735.03564,904.4332,
1169,89,13,610.26215,494.39734,
1170,89,11,1707.105,386.7233,
1171,89,24,1137.3479,578.02966,
1172,89,5,1302.9635,700.2703,
1173,89,1,673.1482,693.40967,
1174,90,2,634.4309,904.2792,
1175,90,3,782.1474,434.07425,
1176,90,4,927.6886,123.7151,
1177,90,6,1297.5599,170.97556,
1178,90,7,891.9778,249.94601,
1179,90,8,1108.8478,254.91779,
1180,90,22,740.24,902.3043,
1181,90,13,605.67004,494.36755,
1182,90,11,1709.491,386.86133,
1183,90,24,1132.3392,577.59265,
1184,90,5,1296.2112,696.8465,
1185,90,1,667.0683,691.51196,
1186,90,25,712.5,462.5,
1187,91,2,640.92865,903.45636,
1188,91,3,787.3967,433.7699,
1189,91,4,933.8927,125.06813,
1190,91,6,1296.4502,172.12141,
1191,91,7,898.32227,251.79941,
1192,91,8,1108.6572,254.95154,
1193,91,22,744.108,900.2023,
1194,91,13,601.4487,495.34045,
1195,91,11,1710.531,390.29016,
1196,91,24,1126.9346,577.45264,
1197,91,5,1293.1575,696.92773,
1198,91,1,655.7997,689.8514,
1199,91,25,705.6226,461.73584,
1200,91,17,1081.394,425.14426,
1201,92,2,644.5464,901.78345,
1202,92,3,793.5251,435.97,
1203,92,4,941.0592,126.18503,
1204,92,6,1295.4159,174.4888,
1205,92,7,904.50964,253.16241,
1206,92,8,1107.2987,254.59485,
1207,92,22,746.7996,898.1226,
1208,92,13,597.6872,496.6661,
1209,92,11,1712.1694,390.15274,
1210,92,24,1121.7693,576.022,
1211,92,5,1290.165,698.32263,
1212,92,1,643.6201,687.6205,
1213,92,25,696.6218,461.0838,
1214,92,17,1080.1147,422.50122,
1215,92,12,743.97424,527.7164,
1216,93,2,648.7517,900.10925,
1217,93,3,799.2683,438.0619,
1218,93,4,946.9473,128.85349,
1219,93,6,1294.4106,176.32104,
1220,93,7,910.2807,254.64417,
1221,93,8,1107.1543,254.09048,
1222,93,22,750.38336,897.03906,
1223,93,13,593.7964,497.8463,
1224,93,11,1712.5984,392.07175,
1225,93,24,1114.2871,574.83795,
1226,93,5,1286.531,696.2461,
1227,93,1,633.69934,685.49677,
1228,93,17,1079.3628,420.90784,
1229,93,12,735.90045,529.1926,
1230,93,10,702.3612,624.74426,
1231,94,2,652.50323,899.4724,
1232,94,3,806.5018,439.18915,
1233,94,4,953.6156,130.14482,
1234,94,6,1292.425,177.61636,
1235,94,7,916.87805,256.1604,
1236,94,8,1107.4666,253.87817,
1237,94,22,753.2864,895.34766,
1238,94,13,588.56,497.98413,
1239,94,11,1712.634,400.5844,
1240,94,24,1104.6018,573.0593,
1241,94,5,1281.3391,696.13605,
1242,94,17,1077.7751,423.04022,
1243,95,2,657.098,897.8701,
1244,95,3,811.75574,441.53586,
1245,95,4,957.9883,131.8893,
1246,95,6,1291.0586,179.36844,
1247,95,7,922.1362,257.35724,
1248,95,8,1107.6199,253.0971,
1249,95,22,755.9389,893.42645,
1250,95,13,584.4108,499.66357,
1251,95,11,1711.4521,403.19653,
1252,95,24,1096.2026,573.4687,
1253,95,5,1275.8755,694.1447,
1254,95,17,1075.579,420.84366,
1255,95,25,666.93286,458.10944,
1256,96,2,662.6872,896.9348,
1257,96,3,817.1891,443.41077,
1258,96,4,963.43066,134.79465,
1259,96,6,1290.2604,181.29393,
1260,96,7,928.52747,258.76367,
1261,96,8,1106.6865,251.77795,
1262,96,22,760.8332,893.08295,
1263,96,13,578.74164,500.94604,
1264,96,11,1713.7417,403.81152,
1265,96,24,1087.9526,572.9661,
1266,96,5,1272.6484,694.43066,
1267,96,17,1074.1167,421.98578,
1268,96,25,654.3682,457.83514,
1269,97,2,667.26953,896.59656,
1270,97,3,822.68835,444.10352,
1271,97,4,968.2919,135.84106,
1272,97,6,1290.6677,183.2836,
1273,97,7,934.0386,259.59186,
1274,97,8,1107.0596,251.62128,
1275,97,22,766.5558,890.9961,
1276,97,13,573.1377,499.16486,
1277,97,11,1716.5256,406.92648,
1278,97,24,1081.4968,572.12787,
1279,97,5,1268.5981,693.89514,
1280,97,25,645.0756,457.39014,
1281,98,2,675.9895,895.4402,
1282,98,3,829.5281,443.67435,
1283,98,4,973.2621,136.82841,
1284,98,6,1291.2064,184.96579,
1285,98,7,940.5221,259.54416,
1286,98,8,1105.8643,251.89862,
1287,98,22,773.3159,887.88837,
1288,98,13,566.5553,498.77856,
1289,98,11,1717.5188,409.9849,
1290,98,24,1074.3406,571.1725,
1291,98,5,1261.2725,690.7499,
1292,98,25,634.27686,457.59747,
1293,99,2,683.666,896.75793,
1294,99,3,835.22205,442.82416,
1295,99,4,978.5991,137.4707,
1296,99,6,1291.4335,185.54346,
1297,99,7,948.0298,258.18268,
1298,99,8,1105.4323,252.32417,
1299,99,22,779.3491,886.82434,
1300,99,13,557.6824,497.32245,
1301,99,11,1716.9146,412.704,
1302,99,24,1067.929,570.5077,
1303,99,5,1256.0139,689.5898,
1304,99,25,621.9727,458.02368,
1305,99,26,422.6,531.9,
1306,99,27,446.4,592.2,
1307,100,2,696.9616,894.89343,
1308,100,3,843.77075,440.50104,
1309,100,4,983.74365,138.64532,
1310,100,6,1291.8896,185.69205,
1311,100,7,953.3036,256.63306,
1312,100,8,1104.9618,252.81424,
1313,100,22,788.4499,884.4723,
1314,100,13,550.8728,495.78726,
1315,100,11,1716.9358,413.40607,
1316,100,24,1060.4592,568.9467,
1317,100,5,1248.8975,688.19714,
1318,100,25,612.70935,459.529,
1319,100,26,419.43982,531.2063,
1320,100,27,446.86566,592.0448,
1321,100,17,1068.5679,423.86816,
1322,101,2,706.0398,893.87024,
1323,101,3,849.7805,441.2544,
1324,101,4,991.1198,140.35536,
1325,101,6,1291.7567,186.35449,
1326,101,7,959.36426,253.39798,
1327,101,8,1105.4504,249.74261,
1328,101,22,795.3573,880.9686,
1329,101,13,545.1835,493.24377,
1330,101,11,1715.912,412.62964,
1331,101,5,1243.7424,687.7137,
1332,101,25,603.96765,461.4293,
1333,101,26,416.43005,530.97473,
1334,101,27,447.80347,592.38654,
1335,101,17,1068.1223,423.01263,
1336,102,2,713.5343,892.83026,
1337,102,3,857.1141,440.86496,
1338,102,4,997.99207,142.26117,
1339,102,6,1291.726,186.88857,
1340,102,7,966.0685,251.12921,
1341,102,8,1105.342,247.8515,
1342,102,22,801.76404,877.3695,
1343,102,13,542.54663,489.98547,
1344,102,11,1717.0625,413.5138,
1345,102,5,1240.6542,689.2175,
1346,102,26,412.59964,528.68506,
1347,102,27,448.83298,592.1162,
1348,102,17,1067.989,422.38446,
1349,102,24,1046.6418,567.0907,
1350,103,2,722.10925,892.4573,
1351,103,3,865.9601,441.03464,
1352,103,4,1004.3705,143.26628,
1353,103,6,1291.0767,187.36926,
1354,103,7,974.3442,250.29611,
1355,103,8,1106.3196,246.83226,
1356,103,22,811.0913,878.57513,
1357,103,13,544.7833,485.76337,
1358,103,11,1718.1101,413.12628,
1359,103,5,1236.3715,690.8607,
1360,103,26,408.5548,529.02234,
1361,103,27,448.39517,590.5504,
1362,103,17,1068.3271,421.81183,
1363,103,24,1038.6302,567.10645,
1364,103,1,518.9197,646.8657,
1365,104,2,730.36707,893.02234,
1366,104,3,872.0376,440.09125,
1367,104,4,1009.56335,142.27435,
1368,104,6,1290.5205,188.49669,
1369,104,7,981.8501,248.6626,
1370,104,8,1106.6909,246.13681,
1371,104,22,817.2406,878.3485,
1372,104,13,542.1432,482.89737,
1373,104,11,1720.446,415.22864,
1374,104,5,1231.9532,692.8539,
1375,104,26,405.8761,527.4351,
1376,104,27,447.86536,590.3951,
1377,104,17,1070.1818,421.60175,
1378,104,1,511.16922,640.5262,
1379,105,2,735.76807,897.7047,
1380,105,3,878.73016,437.71558,
1381,105,4,1016.2799,141.83429,
1382,105,6,1290.9966,188.21078,
1383,105,7,989.079,249.41672,
1384,105,8,1106.1794,245.89021,
1385,105,22,824.3159,877.3213,
1386,105,13,538.00507,482.19443,
1387,105,11,1721.9307,414.34283,
1388,105,5,1226.4805,696.5802,
1389,105,26,402.30338,526.54395,
1390,105,27,448.01562,588.60645,
1391,105,17,1071.9475,422.55548,
1392,105,1,503.75342,636.4366,
1393,106,2,747.5499,900.68115,
1394,106,3,885.66235,436.4842,
1395,106,4,1023.5527,141.63602,
1396,106,6,1290.1924,189.05733,
1397,106,7,993.5105,249.03517,
1398,106,8,1106.3217,244.82356,
1399,106,22,829.3871,877.6693,
1400,106,13,536.5746,476.4038,
1401,106,11,1723.4309,415.24133,
1402,106,5,1222.2847,697.9683,
1403,106,26,399.76575,527.5962,
1404,106,27,448.7567,587.9923,
1405,106,17,1072.5918,422.55096,
1406,106,1,497.10455,631.7087,
1407,106,12,676.9671,528.76324,
1408,107,2,756.9572,904.0409,
1409,107,3,893.33685,435.7153,
1410,107,4,1029.731,142.5092,
1411,107,6,1290.2465,190.3364,
1412,107,7,999.5753,248.57205,
1413,107,8,1106.7157,245.104,
1414,107,22,832.69196,878.53076,
1415,107,13,528.1586,476.59204,
1416,107,11,1723.2949,412.25,
1417,107,5,1217.2367,698.142,
1418,107,26,395.95233,528.9953,
1419,107,27,449.35666,588.84314,
1420,107,17,1071.8038,423.57507,
1421,107,1,491.0688,628.7412,
1422,107,12,674.4131,531.3635,
1423,108,2,760.04846,907.5768,
1424,108,3,904.0127,438.50305,
1425,108,4,1035.1472,145.12749,
1426,108,6,1290.6135,192.43677,
1427,108,7,1004.2662,250.06793,
1428,108,8,1106.867,246.54077,
1429,108,22,836.37427,881.90515,
1430,108,13,521.27893,477.01355,
1431,108,11,1722.5237,413.03503,
1432,108,5,1212.2039,697.19324,
1433,108,26,390.67896,530.86163,
1434,108,17,1071.5298,424.60608,
1435,108,12,672.48474,533.84204,
1436,109,2,769.0661,908.93286,
1437,109,3,910.351,440.81366,
1438,109,4,1042.593,147.39374,
1439,109,6,1291.0955,195.832,
1440,109,7,1009.76776,250.97156,
1441,109,8,1107.9172,248.74945,
1442,109,22,840.576,882.1547,
1443,109,13,513.56946,479.53586,
1444,109,11,1723.8408,416.6018,
1445,109,5,1206.844,695.8225,
1446,109,26,386.467,531.9294,
1447,109,17,1070.4309,425.64862,
1448,109,12,671.1992,536.37524,
1449,110,2,779.1566,907.3922,
1450,110,3,916.77026,442.6776,
1451,110,4,1048.8192,149.19803,
1452,110,6,1292.272,200.3559,
1453,110,7,1017.5665,251.31912,
1454,110,8,1108.645,249.59015,
1455,110,13,505.92783,480.833,
1456,110,11,1725.6241,417.25055,
1457,110,5,1202.0298,694.3008,
1458,110,26,381.69125,532.3441,
1459,110,17,1071.3613,428.34625,
1460,110,12,668.28284,534.54694,
1461,111,2,798.3973,900.70337,
1462,111,3,926.2016,444.3792,
1463,111,4,1053.5829,152.1516,
1464,111,6,1293.0529,202.35428,
1465,111,7,1024.5845,251.11533,
1466,111,8,1109.9071,250.23657,
1467,111,13,502.49472,481.3739,
1468,111,11,1726.918,417.09918,
1469,111,5,1196.7612,692.0852,
1470,111,26,378.03708,534.1571,
1471,111,17,1071.7188,431.6399,
1472,111,12,666.9946,529.2327,
1473,112,2,809.4375,896.32446,
1474,112,3,934.12354,445.6678,
1475,112,4,1060.1152,154.20131,
1476,112,6,1294.0193,204.69781,
1477,112,7,1028.9235,252.72925,
1478,112,8,1110.7119,249.81519,
1479,112,13,500.70715,480.63098,
1480,112,11,1727.0166,417.67926,
1481,112,5,1192.3115,689.595,
1482,112,26,374.48193,537.1127,
1483,112,17,1073.502,432.54285,
1484,112,12,667.6947,525.1294,
1485,113,2,820.1937,894.0043,
1486,113,3,938.8042,448.44153,
1487,113,4,1064.6865,155.2544,
1488,113,6,1294.3796,206.1749,
1489,113,7,1035.6616,253.31401,
1490,113,8,1113.0299,249.64365,
1491,113,13,497.2772,478.73676,
1492,113,11,1727.0171,417.86322,
1493,113,5,1188.8262,685.3887,
1494,113,26,372.57114,537.26465,
1495,113,17,1075.5212,434.50217,
1496,113,12,666.77985,519.25824,
1497,113,24,967.0956,561.9392,
1498,114,2,842.65405,894.1146,
1499,114,3,946.24146,449.45483,
1500,114,4,1074.8057,157.91223,
1501,114,6,1294.8427,205.32916,
1502,114,7,1042.9366,253.1838,
1503,114,8,1115.5372,249.57745,
1504,114,13,492.8755,478.02612,
1505,114,11,1727.3053,417.55945,
1506,114,5,1186.3684,678.8745,
1507,114,26,370.70184,538.935,
1508,114,17,1076.9451,436.86853,
1509,114,12,664.92065,514.35535,
1510,114,24,959.3237,563.5128,
1511,115,2,853.4778,894.827,
1512,115,3,955.37476,451.771,
1513,115,4,1085.258,159.83531,
1514,115,6,1294.342,204.26978,
1515,115,7,1049.7378,252.4538,
1516,115,8,1118.123,248.20067,
1517,115,13,488.41846,476.7916,
1518,115,11,1728.3763,417.0864,
1519,115,5,1182.9794,673.7992,
1520,115,26,369.4472,538.5632,
1521,115,17,1081.1168,439.03058,
1522,115,12,665.4626,512.9851,
1523,116,2,858.89026,894.7937,
1524,116,3,965.7959,454.57886,
1525,116,4,1093.2823,161.4933,
1526,116,6,1295.8062,204.16734,
1527,116,7,1057.3618,254.52191,
1528,116,8,1122.036,248.3653,
1529,116,13,484.93842,476.35498,
1530,116,11,1730.0848,418.21722,
1531,116,5,1180.8961,667.94763,
1532,116,26,370.78552,538.38477,
1533,116,17,1084.6101,442.09155,
1534,116,12,665.0027,511.52826,
1535,116,24,948.92377,567.64453,
1536,117,2,872.3546,893.1477,
1537,117,3,974.74884,456.26868,
1538,117,4,1100.0334,164.02827,
1539,117,6,1297.671,205.07553,
1540,117,7,1065.64,256.9774,
1541,117,8,1125.4552,250.09344,
1542,117,13,480.81598,476.87012,
1543,117,11,1732.3461,417.94598,
1544,117,5,1177.9645,661.8041,
1545,117,26,373.35376,536.9817,
1546,117,17,1089.5156,445.17694,
1547,117,12,663.9269,509.7074,
1548,118,2,882.6556,890.30334,
1549,118,3,983.7943,456.8683,
1550,118,4,1107.9419,164.92624,
1551,118,6,1300.0356,204.70549,
1552,118,7,1073.8007,260.55927,
1553,118,8,1130.9866,250.07916,
1554,118,13,477.44586,477.7511,
1555,118,11,1736.4773,417.15674,
1556,118,5,1176.0542,658.31274,
1557,118,26,375.43256,533.1125,
1558,118,17,1094.6311,445.64178,
1559,118,12,660.2766,504.73285,
1560,119,2,887.50745,888.8668,
1561,119,3,990.2212,456.3806,
1562,119,4,1114.9558,165.18976,
1563,119,6,1301.226,205.85913,
1564,119,7,1083.6338,260.8226,
1565,119,8,1133.0095,251.07407,
1566,119,13,475.65256,478.09943,
1567,119,11,1739.2924,415.53687,
1568,119,5,1174.5007,653.09204,
1569,119,26,378.65784,527.6171,
1570,119,17,1100.1814,446.73492,
1571,119,12,656.33746,500.28235,
1572,120,2,893.5691,887.69214,
1573,120,3,999.6428,455.4692,
1574,120,4,1122.9546,164.24886,
1575,120,6,1301.98,205.9414,
1576,120,7,1096.0773,259.17682,
1577,120,13,474.1395,475.9687,
1578,120,11,1740.9678,415.88812,
1579,120,5,1172.3986,649.6226,
1580,120,26,382.29102,522.8844,
1581,120,17,1106.5311,448.0807,
1582,120,12,654.64014,498.70807,
1583,121,3,1007.50745,453.07593,
1584,121,4,1130.3394,164.14462,
1585,121,6,1303.2319,205.92326,
1586,121,7,1103.6687,258.22412,
1587,121,13,472.08563,475.15833,
1588,121,11,1742.5306,416.34454,
1589,121,5,1170.4073,647.4761,
1590,121,26,385.7594,519.46094,
1591,121,17,1110.4446,447.50864,
1592,121,22,899.56506,888.7444,
1593,122,3,1018.4947,451.82568,
1594,122,4,1139.1471,163.40054,
1595,122,6,1305.3499,206.88652,
1596,122,7,1117.3,259.20392,
1597,122,13,469.81042,477.1776,
1598,122,11,1745.3782,417.17734,
1599,122,5,1166.7733,643.44824,
1600,122,26,388.70154,517.2815,
1601,122,17,1115.1187,447.9188,
1602,122,12,651.5514,497.64047,
1603,123,3,1028.2646,454.0442,
1604,123,4,1146.4802,163.75882,
1605,123,6,1309.0796,207.87973,
1606,123,7,1123.0142,262.17957,
1607,123,13,467.74756,478.59625,
1608,123,11,1747.7129,416.1372,
1609,123,5,1163.2104,640.7448,
1610,123,26,392.1338,514.17645,
1611,123,17,1119.7435,448.6898,
1612,123,2,930.3966,887.52747,
1613,124,3,1036.5669,457.21368,
1614,124,4,1152.9382,165.50542,
1615,124,6,1312.4319,208.55513,
1616,124,7,1128.4398,262.6389,
1617,124,13,466.1154,479.8134,
1618,124,11,1749.509,415.7489,
1619,124,5,1159.3357,639.54175,
1620,124,26,395.42847,513.4839,
1621,124,17,1123.0139,450.9117,
1622,124,2,946.7799,892.82983,
1623,125,3,1046.6842,460.37524,
1624,125,4,1161.3628,165.48323,
1625,125,6,1314.9722,209.77411,
1626,125,7,1134.8154,264.4351,
1627,125,13,464.63324,481.5943,
1628,125,11,1750.1141,414.60846,
1629,125,5,1155.0142,636.54095,
1630,125,17,1127.0908,452.70508,
1631,125,2,953.4082,894.2425,
1632,125,12,636.0453,511.24835,
1633,126,3,1053.09,463.8498,
1634,126,4,1169.8921,166.7583,
1635,126,6,1317.5151,210.53308,
1636,126,7,1142.8604,264.7605,
1637,126,13,462.54697,482.60022,
1638,126,11,1753.2661,413.50586,
1639,126,5,1153.1997,635.5318,
1640,126,17,1131.81,454.3285,
1641,126,2,965.64465,895.81445,
1642,127,3,1059.4514,469.48788,
1643,127,4,1178.1091,167.5382,
1644,127,6,1319.739,211.4485,
1645,127,7,1147.3032,264.85995,
1646,127,13,460.8894,484.302,
1647,127,11,1754.3608,413.09875,
1648,127,5,1149.331,632.6106,
1649,127,17,1135.4431,456.86917,
1650,127,2,976.45306,894.35596,
1651,127,12,631.0641,514.8836,
1652,128,3,1064.835,472.48444,
1653,128,4,1185.2205,169.45801,
1654,128,6,1322.1603,212.75075,
1655,128,7,1156.8484,266.16626,
1656,128,13,459.05692,485.59534,
1657,128,11,1755.7046,412.95752,
1658,128,5,1145.0303,629.3037,
1659,128,17,1139.9806,459.75793,
1660,128,2,991.0309,891.8475,
1661,128,26,399.13962,547.796,
1662,129,3,1072.8702,475.19104,
1663,129,4,1191.8953,171.15091,
1664,129,6,1323.6711,213.21399,
1665,129,7,1166.7738,268.27145,
1666,129,13,458.16702,486.38916,
1667,129,11,1757.4703,412.2443,
1668,129,5,1142.5281,625.5207,
1669,129,17,1144.2051,462.11932,
1670,129,2,1000.1087,895.8105,
1671,130,3,1079.2465,477.44623,
1672,130,4,1199.7804,172.74933,
1673,130,6,1324.5027,214.01598,
1674,130,7,1174.554,270.0307,
1675,130,13,457.61633,487.3329,
1676,130,11,1759.0607,412.3237,
1677,130,5,1138.4194,618.92804,
1678,130,17,1149.2866,463.6065,
1679,130,2,1011.01746,896.03186,
1680,130,26,398.98175,550.63226,
1681,131,3,1085.0002,480.51825,
1682,131,4,1207.0775,176.0098,
1683,131,6,1326.0676,213.94572,
1684,131,7,1180.1852,271.32843,
1685,131,13,456.81958,488.99564,
1686,131,11,1760.2512,413.7023,
1687,131,5,1135.3408,611.9092,
1688,131,17,1153.3737,464.77484,
1689,131,2,1022.63745,895.1274,
1690,131,26,391.18347,565.161,
1691,132,3,1090.1752,482.92502,
1692,132,4,1213.498,179.48837,
1693,132,6,1327.2456,213.88274,
1694,132,7,1185.3054,273.10315,
1695,132,13,456.26596,489.9195,
1696,132,11,1760.962,414.88803,
1697,132,5,1134.3488,606.7283,
1698,132,17,1157.0869,466.79248,
1699,132,2,1035.2081,895.09424,
1700,132,26,385.67438,568.14374,
1701,132,30,413.40002,512.6,
1702,132,12,628.1505,518.81433,
1703,133,3,1096.1201,483.3971,
1704,133,4,1217.2358,182.06201,
1705,133,6,1328.6204,213.49191,
1706,133,7,1189.5986,275.3831,
1707,133,13,456.1333,489.244,
1708,133,11,1761.8308,416.32898,
1709,133,5,1132.7881,602.2777,
1710,133,17,1162.314,467.8186,
1711,133,2,1045.469,896.0686,
1712,133,26,381.40613,564.8985,
1713,133,30,415.78064,510.9873,
1714,133,31,323.8,558.8,
1715,133,12,628.2246,517.9939,
1716,134,3,1101.3721,485.1552,
1717,134,4,1222.0361,185.94394,
1718,134,6,1330.7451,212.98793,
1719,134,7,1194.2383,278.84845,
1720,134,13,457.14154,489.29108,
1721,134,11,1762.4268,416.52945,
1722,134,5,1129.9628,598.7906,
1723,134,17,1167.7949,469.80878,
1724,134,2,1054.222,900.03296,
1725,134,26,379.2256,563.2544,
1726,134,30,418.50604,510.0566,
1727,134,31,322.0165,558.5674,
1728,134,12,628.5238,517.09344,
1729,135,3,1106.7242,485.71713,
1730,135,4,1225.6873,187.67627,
1731,135,6,1332.8069,212.44626,
1732,135,7,1197.0148,282.1005,
1733,135,13,456.9225,491.5928,
1734,135,11,1763.5938,416.26306,
1735,135,5,1126.3538,595.30786,
1736,135,17,1172.3351,472.51157,
1737,135,2,1065.6626,904.10266,
1738,135,26,376.4366,561.61597,
1739,135,31,320.65063,556.1566,
1740,135,12,627.9978,515.748,
1741,136,3,1111.0785,487.52588,
1742,136,4,1228.7214,188.58195,
1743,136,6,1333.8262,211.8885,
1744,136,7,1202.4358,282.56085,
1745,136,11,1764.6421,415.48743,
1746,136,5,1122.7953,593.1478,
1747,136,17,1175.4995,475.4506,
1748,136,2,1075.227,907.933,
1749,136,26,375.4923,559.9805,
1750,136,31,320.26312,549.5175,
1751,136,12,628.20337,514.916,
1752,136,32,522.2,554.9,
1753,137,3,1116.1122,489.46338,
1754,137,4,1232.5548,192.16516,
1755,137,6,1334.4573,213.38478,
1756,137,7,1211.967,285.3879,
1757,137,11,1763.6692,414.20343,
1758,137,5,1118.2812,589.8335,
1759,137,17,1178.515,478.47253,
1760,137,2,1082.7559,908.093,
1761,137,26,374.51105,558.31976,
1762,137,31,319.47598,545.5054,
1763,137,12,625.6421,512.92084,
1764,137,32,523.9728,553.43555,
1765,137,33,570.4,595.2,
1766,138,3,1121.7689,494.78534,
1767,138,4,1237.1057,190.11136,
1768,138,6,1336.9889,212.5678,
1769,138,7,1219.5483,285.6799,
1770,138,11,1763.5852,412.39938,
1771,138,5,1115.0238,586.0825,
1772,138,17,1182.1543,484.8473,
1773,138,2,1090.4688,908.10754,
1774,138,26,372.1843,555.0145,
1775,138,12,622.0117,510.1203,
1776,138,33,574.7163,598.1289,
1777,139,3,1127.0029,498.31415,
1778,139,4,1241.5623,190.2344,
1779,139,6,1338.5366,212.58252,
1780,139,7,1227.7224,288.67206,
1781,139,11,1763.1836,411.7177,
1782,139,5,1111.9343,581.8318,
1783,139,17,1186.3477,490.08517,
1784,139,2,1098.896,906.0687,
1785,139,26,369.6869,553.08093,
1786,139,12,620.4408,508.7995,
1787,139,33,581.1725,599.8828,
1788,139,31,314.66516,539.9059,
1789,140,3,1129.767,502.2126,
1790,140,4,1244.3237,189.88103,
1791,140,6,1338.6628,211.53906,
1792,140,7,1236.1803,290.1197,
1793,140,11,1762.3374,411.14,
1794,140,5,1107.5662,577.71387,
1795,140,17,1187.1472,492.66757,
1796,140,2,1106.6268,903.92175,
1797,140,26,367.4676,553.3479,
1798,140,12,617.20374,507.32605,
1799,140,33,587.53125,601.47205,
1800,141,3,1132.8949,505.25522,
1801,141,4,1246.1013,190.69919,
1802,141,6,1337.27,213.57953,
1803,141,7,1242.773,291.59415,
1804,141,11,1761.6475,410.2686,
1805,141,5,1105.093,575.35376,
1806,141,2,1114.4397,906.1284,
1807,141,26,365.03583,551.1422,
1808,141,12,619.82153,504.8048,
1809,141,33,593.7514,603.3505,
1810,141,31,309.0459,534.4225,
1811,142,3,1134.8275,507.6341,
1812,142,4,1247.187,193.33139,
1813,142,6,1335.6663,216.38388,
1814,142,7,1247.6528,293.73013,
1815,142,11,1760.7146,409.62677,
1816,142,5,1101.9556,572.94794,
1817,142,26,363.1776,546.00525,
1818,142,12,623.6194,503.91412,
1819,142,33,601.9747,603.6166,
1820,142,31,307.76123,530.81445,
1821,143,3,1136.3257,510.74542,
1822,143,4,1247.7329,194.565,
1823,143,6,1334.408,217.68634,
1824,143,7,1254.493,295.78745,
1825,143,5,1099.5842,569.50977,
1826,143,26,361.87915,543.7249,
1827,143,33,610.9012,604.6527,
1828,143,31,307.68668,527.60504,
1829,144,3,1138.3743,515.7777,
1830,144,4,1248.4384,196.31467,
1831,144,6,1335.9546,219.1517,
1832,144,7,1263.0381,296.86032,
1833,144,5,1097.1455,564.39136,
1834,144,26,359.44308,538.88403,
1835,144,33,619.03796,603.6,
1836,144,31,307.0566,521.86847,
1837,144,30,439.9372,502.4911,
1838,144,2,1144.2913,913.1505,
1839,145,3,1140.3118,516.6027,
1840,145,4,1248.5547,198.24811,
1841,145,6,1336.1616,221.68942,
1842,145,5,1095.3684,558.59424,
1843,145,26,356.9157,536.12494,
1844,145,33,625.47595,604.17694,
1845,145,31,307.23767,519.1678,
1846,145,2,1158.7346,914.1138,
1847,145,13,439.66473,504.3299,
1848,145,17,1196.3345,510.19794,
1849,146,4,1247.7588,200.93158,
1850,146,6,1335.8708,223.59882,
1851,146,5,1092.4924,554.57495,
1852,146,26,356.0651,534.5156,
1853,146,33,632.2953,606.37213,
1854,146,31,306.34763,519.26135,
1855,146,13,439.8305,505.84833,
1856,146,17,1198.0345,509.75018,
1857,147,4,1246.0573,202.18683,
1858,147,6,1335.7573,224.91983,
1859,147,26,355.13898,532.6472,
1860,147,33,639.2565,607.48267,
1861,147,31,305.71875,517.10834,
1862,147,13,440.16174,507.0042,
1863,147,17,1201.2406,511.52512,
1864,147,12,626.0049,493.46582,
1865,147,3,1145.3802,526.7211,
1866,148,4,1244.6439,203.58968,
1867,148,6,1331.6594,226.36914,
1868,148,26,354.52365,529.02594,
1869,148,33,645.2573,609.1903,
1870,148,31,303.89398,514.43396,
1871,148,13,439.9969,508.39008,
1872,148,17,1199.0032,514.4092,
1873,148,12,626.66034,491.62915,
1874,148,3,1147.4626,530.93787,
1875,148,2,1187.4017,918.7698,
1876,148,5,1088.1104,548.5212,
1877,149,4,1239.2622,205.38866,
1878,149,26,354.33356,527.3894,
1879,149,33,650.2254,610.1155,
1880,149,31,301.91974,512.2085,
1881,149,13,440.3222,510.19736,
1882,149,17,1198.0691,518.0441,
1883,149,12,627.5472,490.682,
1884,149,3,1148.1311,533.4414,
1885,149,2,1196.4636,916.9652,
1886,149,5,1084.7726,545.97656,
1887,150,4,1233.6936,205.67099,
1888,150,26,353.00946,526.508,
1889,150,33,655.49536,611.4158,
1890,150,31,300.22446,510.15656,
1891,150,13,440.4909,512.16223,
1892,150,17,1197.6616,521.286,
1893,150,12,627.87646,491.05267,
1894,150,3,1147.2411,538.52405,
1895,150,2,1205.4778,914.6793,
1896,150,5,1081.989,544.48785,
1897,150,11,1747.7244,400.7578,
1898,151,4,1229.2192,206.70383,
1899,151,26,352.2224,525.25146,
1900,151,33,661.8785,611.8548,
1901,151,31,300.30505,507.83466,
1902,151,13,440.91345,513.8394,
1903,151,17,1196.1155,524.38416,
1904,151,12,627.996,491.22595,
1905,151,3,1146.7979,540.017,
1906,151,2,1214.1271,914.7871,
1907,151,5,1077.4274,542.36786,
1908,152,4,1224.5797,209.02374,
1909,152,26,350.98895,523.52625,
1910,152,33,667.0094,614.6506,
1911,152,31,301.03937,504.4124,
1912,152,13,441.10345,514.7446,
1913,152,17,1193.4883,530.7296,
1914,152,12,628.3656,490.68814,
1915,152,3,1145.8567,543.0814,
1916,152,2,1222.9702,913.82874,
1917,152,5,1072.4985,538.7342,
1918,153,4,1218.2733,209.85129,
1919,153,26,350.5669,522.2759,
1920,153,33,670.7241,615.64746,
1921,153,31,300.70538,502.2387,
1922,153,13,441.8592,515.6955,
1923,153,17,1189.5791,535.2973,
1924,153,12,627.83997,490.20224,
1925,153,3,1145.7649,544.1539,
1926,153,2,1230.5579,913.4326,
1927,153,5,1066.7468,537.51154,
1928,153,35,1294.3,229.1,
1929,153,11,1735.5911,398.029,
1930,154,4,1210.9749,209.78058,
1931,154,26,349.79706,523.1935,
1932,154,33,674.1857,615.3113,
1933,154,31,300.27124,499.20685,
1934,154,13,442.1624,516.33246,
1935,154,17,1188.334,537.92126,
1936,154,12,627.96893,489.0661,
1937,154,3,1144.9539,548.0378,
1938,154,2,1236.0144,911.9386,
1939,154,5,1063.4106,533.848,
1940,154,35,1285.9391,230.1838,
1941,154,11,1727.6335,399.14642,
1942,154,7,1308.4092,317.35428,
1943,155,4,1205.2856,211.67624,
1944,155,26,350.20316,522.27026,
1945,155,33,678.24426,615.1361,
1946,155,31,299.81546,497.49814,
1947,155,13,441.6264,517.51636,
1948,155,17,1186.5276,539.11707,
1949,155,12,627.6793,489.3553,
1950,155,3,1144.2705,551.36804,
1951,155,2,1243.3391,909.7008,
1952,155,5,1060.6438,530.25543,
1953,155,35,1277.7407,232.09372,
1954,155,11,1723.0364,398.83398,
1955,155,7,1309.4027,319.0683,
1956,156,4,1199.2653,214.655,
1957,156,26,349.74652,521.98254,
1958,156,33,682.5331,614.6907,
1959,156,31,300.33612,495.96478,
1960,156,13,440.11267,519.90137,
1961,156,12,628.5785,489.84106,
1962,156,3,1141.6246,553.8325,
1963,156,2,1250.0286,905.1517,
1964,156,5,1059.7588,524.0247,
1965,156,35,1272.0361,235.99236,
1966,156,11,1716.3827,397.73755,
1967,156,7,1313.3649,324.5141,
1968,157,4,1193.8279,217.36102,
1969,157,26,350.6081,520.92566,
1970,157,33,686.91516,615.48755,
1971,157,31,303.54846,492.50595,
1972,157,13,438.58234,522.711,
1973,157,12,629.2388,487.04205,
1974,157,3,1138.6207,556.9557,
1975,157,2,1255.1675,904.17163,
1976,157,5,1058.2714,519.81866,
1977,157,11,1710.9929,397.0227,
1978,158,4,1187.2554,217.02771,
1979,158,26,351.63055,519.2468,
1980,158,33,691.34875,616.42053,
1981,158,31,306.16797,490.997,
1982,158,13,438.00604,523.4256,
1983,158,12,630.8597,485.68146,
1984,158,3,1137.1128,560.3283,
1985,158,2,1260.4429,902.5016,
1986,158,5,1058.2439,516.7667,
1987,158,11,1704.0833,396.45245,
1988,158,7,1318.1285,331.08527,
1989,159,4,1180.6051,221.11728,
1990,159,26,351.71173,517.32855,
1991,159,33,694.7923,617.74,
1992,159,31,306.776,490.88913,
1993,159,13,437.8081,525.6051,
1994,159,3,1136.1719,562.14575,
1995,159,5,1058.656,514.10736,
1996,159,11,1695.2794,396.61374,
1997,159,7,1319.6477,334.95593,
1998,160,4,1173.5691,225.61198,
1999,160,26,352.42923,517.0068,
2000,160,33,697.5544,617.8667,
2001,160,31,307.3261,491.26154,
2002,160,13,438.74133,527.36487,
2003,160,3,1135.136,565.0305,
2004,160,5,1058.5476,512.9364,
2005,160,11,1687.1631,395.68134,
2006,160,7,1321.0525,334.17337,
2007,161,4,1166.2158,229.15799,
2008,161,26,353.04083,516.2671,
2009,161,33,700.7319,617.22217,
2010,161,31,310.20746,491.15344,
2011,161,13,438.45493,527.9671,
2012,161,3,1134.4086,565.98865,
2013,161,5,1057.238,511.94174,
2014,161,11,1678.9812,395.02612,
2015,161,7,1322.2222,335.86194,
2016,162,4,1159.2231,230.11201,
2017,162,26,353.2835,514.37036,
2018,162,33,702.44855,615.9809,
2019,162,31,312.27014,491.86172,
2020,162,13,437.36218,529.4646,
2021,162,3,1132.4436,567.88965,
2022,162,5,1053.5137,509.03857,
2023,162,11,1671.489,392.79562,
2024,162,7,1321.1956,339.02222,
2025,162,35,1216.5059,244.1531,
2026,163,4,1148.8873,231.0683,
2027,163,26,352.37207,513.3804,
2028,163,33,703.9033,615.80334,
2029,163,31,310.32898,492.51733,
2030,163,13,435.63995,529.96765,
2031,163,3,1129.411,571.4978,
2032,163,5,1050.1765,507.73047,
2033,163,11,1662.5208,392.67523,
2034,163,7,1319.0972,343.72012,
2035,164,4,1137.5779,233.98383,
2036,164,26,349.67188,512.0557,
2037,164,33,704.3082,613.09656,
2038,164,31,309.91962,492.47223,
2039,164,13,433.68643,530.76685,
2040,164,3,1125.6396,575.73083,
2041,164,5,1045.6749,504.6891,
2042,164,11,1652.3284,393.0183,
2043,164,7,1316.2324,344.4975,
2044,164,12,632.06934,483.26575,
2045,164,35,1193.9539,246.636,
2046,165,4,1127.5984,237.63666,
2047,165,26,348.36044,510.94702,
2048,165,33,703.2737,613.03845,
2049,165,31,310.74448,492.8247,
2050,165,13,430.641,533.34705,
2051,165,3,1120.9424,579.86487,
2052,165,5,1042.0786,502.6656,
2053,165,11,1643.1458,393.1659,
2054,165,7,1312.0852,347.95056,
2055,165,38,581.3,535.7,
2056,165,12,632.4584,485.06116,
2057,165,35,1180.8569,248.729,
2058,165,30,489.94833,506.3385,
2059,166,4,1116.1833,238.96939,
2060,166,26,346.2069,511.96204,
2061,166,33,702.77954,613.6788,
2062,166,31,312.37122,493.3313,
2063,166,13,427.2009,534.2541,
2064,166,3,1116.2949,583.61444,
2065,166,5,1037.8148,503.06024,
2066,166,11,1632.2603,394.27502,
2067,166,7,1307.491,351.7998,
2068,166,38,580.67786,536.32214,
2069,166,12,631.9142,484.89432,
2070,166,35,1168.1309,250.42783,
2071,166,39,614.9,539.9,
2072,166,30,488.5333,506.8645,
2073,167,4,1104.4392,241.6904,
2074,167,26,344.44232,511.69147,
2075,167,33,702.4846,615.9037,
2076,167,31,311.65152,492.55682,
2077,167,13,422.9055,534.17535,
2078,167,3,1112.573,587.2333,
2079,167,5,1033.0059,500.9342,
2080,167,11,1621.1791,395.35883,
2081,167,7,1302.9344,353.81323,
2082,167,12,630.037,485.5122,
2083,167,35,1155.7761,252.66476,
2084,167,39,614.5907,541.9104,
2085,167,30,488.14392,506.69104,
2086,167,2,1317.021,892.1245,
2087,168,4,1095.032,245.58888,
2088,168,26,341.4895,510.28455,
2089,168,33,700.9777,618.0481,
2090,168,31,311.016,491.29468,
2091,168,13,419.70642,537.84814,
2092,168,3,1108.9128,590.1384,
2093,168,5,1028.9917,499.9052,
2094,168,11,1611.0293,396.43762,
2095,168,7,1298.2518,356.80365,
2096,168,35,1143.8938,253.77689,
2097,168,39,613.71185,541.8023,
2098,168,30,484.5407,506.61798,
2099,168,2,1320.3914,891.0257,
2100,169,4,1084.1925,248.63376,
2101,169,26,338.39868,509.79965,
2102,169,33,698.6433,619.5162,
2103,169,31,309.7516,490.18115,
2104,169,13,415.6153,539.4506,
2105,169,3,1103.6409,594.08484,
2106,169,5,1026.2827,497.60486,
2107,169,11,1601.5813,397.831,
2108,169,35,1131.855,253.79324,
2109,169,39,613.072,541.344,
2110,169,2,1321.9106,887.64734,
2111,170,4,1072.811,249.71774,
2112,170,26,334.62762,508.9828,
2113,170,33,696.37537,620.3782,
2114,170,31,305.93454,489.13092,
2115,170,13,410.4649,542.33356,
2116,170,3,1100.4152,596.4496,
2117,170,5,1023.06665,496.828,
2118,170,11,1593.7223,399.02988,
2119,170,35,1119.4531,254.40579,
2120,170,39,610.69977,542.24854,
2121,170,2,1328.2616,884.4147,
2122,170,12,622.35254,487.08844,
2123,170,7,1289.0825,361.62012,
2124,171,4,1063.5178,250.70523,
2125,171,26,331.31268,508.04572,
2126,171,33,694.4895,622.6585,
2127,171,13,404.6906,543.0188,
2128,171,3,1095.9604,597.8559,
2129,171,5,1018.99915,494.6233,
2130,171,11,1585.12,398.4599,
2131,171,35,1108.897,254.5828,
2132,171,39,608.5015,540.76117,
2133,171,2,1335.7627,883.6377,
2134,171,12,619.56665,484.77515,
2135,171,7,1283.794,363.05313,
2136,172,4,1055.0294,250.98416,
2137,172,26,326.1345,505.39728,
2138,172,33,692.4364,624.4794,
2139,172,13,397.63074,543.86804,
2140,172,3,1091.7424,601.2667,
2141,172,5,1016.2635,492.54382,
2142,172,11,1576.9077,397.9052,
2143,172,35,1099.7075,255.2602,
2144,172,39,605.33325,540.9284,
2145,172,2,1342.9691,884.7455,
2146,172,12,615.50916,483.51962,
2147,172,7,1280.606,364.1744,
2148,172,38,569.18634,538.9828,
2149,173,4,1047.5104,250.37408,
2150,173,26,320.6313,504.44333,
2151,173,33,690.96277,626.1303,
2152,173,13,392.42267,543.78625,
2153,173,3,1088.6182,602.7833,
2154,173,5,1013.36914,489.51672,
2155,173,11,1570.8381,397.68506,
2156,173,35,1091.6931,257.1229,
2157,173,12,610.74646,482.40576,
2158,173,7,1277.8239,365.15582,
2159,173,38,564.68335,541.23846,
2160,174,4,1037.4225,248.10355,
2161,174,26,313.77112,501.83875,
2162,174,33,688.71936,627.048,
2163,174,13,385.61255,545.36554,
2164,174,3,1083.9093,604.8769,
2165,174,5,1012.09753,488.4756,
2166,174,11,1564.2087,395.31833,
2167,174,35,1081.1396,254.46143,
2168,174,12,607.3231,480.30716,
2169,174,7,1276.8914,364.0494,
2170,174,38,562.1907,539.86914,
2171,174,2,1355.8954,884.8802,
2172,175,4,1027.2891,245.77617,
2173,175,26,307.94,499.2331,
2174,175,33,685.8965,627.6859,
2175,175,13,379.9214,543.9531,
2176,175,3,1080.9282,607.54285,
2177,175,11,1556.087,394.72607,
2178,175,35,1070.9402,255.40689,
2179,175,7,1277.3756,363.1656,
2180,175,38,559.34143,539.3926,
2181,175,40,1317.3,869.3,
2182,175,2,1361.7268,884.0147,
2183,176,4,1019.1835,243.6253,
2184,176,26,303.21027,497.95575,
2185,176,33,683.1627,628.549,
2186,176,13,372.91638,543.99286,
2187,176,3,1077.939,610.09686,
2188,176,11,1549.6658,393.53223,
2189,176,35,1060.2217,253.12097,
2190,176,7,1275.1941,364.16632,
2191,176,38,555.358,538.8733,
2192,176,40,1321.0017,867.0948,
2193,176,2,1367.33,883.7228,
2194,176,41,445.4,509.9,
2195,176,12,601.9247,478.62784,
2196,177,4,1012.88086,243.3876,
2197,177,26,296.89722,497.86707,
2198,177,33,679.16736,629.16644,
2199,177,13,366.1475,545.30676,
2200,177,3,1075.604,612.60876,
2201,177,11,1544.949,392.4095,
2202,177,35,1051.2839,250.55229,
2203,177,7,1273.4722,365.50208,
2204,177,38,550.6272,540.6749,
2205,177,40,1325.8344,868.87744,
2206,177,2,1373.1692,883.6489,
2207,177,41,441.2124,508.03885,
2208,177,42,517.6,502.9,
2209,177,39,588.1814,533.55505,
2210,178,4,1005.1719,243.62137,
2211,178,26,289.3546,496.21603,
2212,178,33,676.0519,629.6948,
2213,178,13,358.497,546.0936,
2214,178,3,1071.2108,615.7644,
2215,178,11,1539.1364,391.34647,
2216,178,35,1042.0276,249.57077,
2217,178,7,1270.8586,367.3027,
2218,178,38,547.9547,539.03937,
2219,178,40,1333.159,872.8048,
2220,178,42,512.4785,502.5896,
2221,178,39,585.86865,530.8564,
2222,178,5,1010.2656,482.277,
2223,179,4,997.9448,242.38205,
2224,179,26,280.8718,494.34048,
2225,179,33,671.6191,628.8701,
2226,179,13,349.13556,547.3483,
2227,179,3,1068.6709,618.50415,
2228,179,11,1533.2375,389.01282,
2229,179,7,1267.9487,370.6402,
2230,179,38,542.72437,538.3826,
2231,179,40,1339.6805,876.5525,
2232,179,42,506.10406,501.3144,
2233,179,39,582.0935,530.95166,
2234,179,5,1008.09717,480.83566,
2235,179,41,425.79022,512.3224,
2236,180,4,990.9105,239.9154,
2237,180,26,272.51193,492.0338,
2238,180,33,666.98987,630.183,
2239,180,13,339.2085,549.44055,
2240,180,3,1064.5459,621.7404,
2241,180,11,1529.2607,388.4491,
2242,180,7,1265.2974,373.4477,
2243,180,38,536.53143,536.4519,
2244,180,40,1346.5917,879.8699,
2245,180,42,501.25146,502.0974,
2246,180,39,576.7886,530.0215,
2247,180,5,1008.70325,480.68243,
2248,180,44,1116.0,620.19995,
2249,180,41,417.01218,509.9596,
2250,181,26,265.2329,489.89343,
2251,181,33,662.6958,629.65845,
2252,181,13,330.13806,548.57434,
2253,181,3,1060.7957,625.4872,
2254,181,11,1526.7135,387.93103,
2255,181,7,1263.7117,377.39813,
2256,181,38,532.3734,536.74426,
2257,181,40,1350.3196,879.70337,
2258,181,42,494.83545,502.34436,
2259,181,39,572.3029,531.953,
2260,181,5,1007.00867,479.35773,
2261,181,44,1115.6191,620.42847,
2262,181,45,1893.9,501.2,
2263,181,2,1405.0486,890.2805,
2264,182,26,256.7131,489.44952,
2265,182,33,657.52637,629.43335,
2266,182,13,319.25537,549.4913,
2267,182,3,1057.1869,629.76245,
2268,182,11,1523.7151,388.08725,
2269,182,7,1260.9087,379.4999,
2270,182,38,527.95056,535.5271,
2271,182,40,1358.5128,880.511,
2272,182,42,486.8733,501.74048,
2273,182,39,567.0737,532.11176,
2274,182,5,1003.4583,479.58316,
2275,182,44,1113.5518,623.9922,
2276,182,45,1896.6748,501.4312,
2277,182,2,1412.9788,891.5115,
2278,182,4,975.3553,235.64175,
2279,183,26,245.83807,489.9745,
2280,183,33,651.71704,629.9823,
2281,183,13,307.50226,550.79425,
2282,183,3,1053.6367,634.2327,
2283,183,11,1520.4973,387.51126,
2284,183,7,1257.9518,381.21533,
2285,183,38,520.135,535.08435,
2286,183,39,558.95605,533.1814,
2287,183,5,1001.52563,477.7539,
2288,183,44,1110.6594,628.11084,
2289,183,45,1899.9248,501.89532,
2290,183,2,1419.9745,895.8786,
2291,184,26,233.05185,491.8604,
2292,184,33,643.68787,631.4842,
2293,184,13,293.40167,551.91235,
2294,184,3,1050.7598,638.7645,
2295,184,11,1516.2041,385.35623,
2296,184,7,1257.4855,382.15112,
2297,184,38,510.33948,534.92944,
2298,184,39,551.36237,532.61646,
2299,184,5,999.2196,475.46304,
2300,184,44,1107.2466,632.6163,
2301,184,2,1427.2965,896.53625,
2302,184,46,563.1,472.3,
2303,185,26,222.83302,489.68402,
2304,185,33,637.7679,632.6973,
2305,185,13,280.11594,551.6333,
2306,185,3,1047.8188,642.0266,
2307,185,11,1513.4663,383.56744,
2308,185,7,1256.7563,382.4336,
2309,185,38,503.2103,535.21173,
2310,185,39,542.99524,531.7495,
2311,185,5,994.52686,475.27277,
2312,185,2,1435.4066,900.0306,
2313,185,46,556.9599,470.1775,
2314,185,42,461.37988,497.99194,
2315,185,4,949.3684,228.5181,
2316,186,26,212.2914,487.57178,
2317,186,33,630.38385,634.12134,
2318,186,13,266.167,552.8174,
2319,186,3,1044.8562,644.12134,
2320,186,11,1510.9827,382.58313,
2321,186,7,1255.2549,382.14703,
2322,186,38,493.44745,536.31616,
2323,186,5,991.472,469.46075,
2324,186,2,1443.1582,902.9756,
2325,186,42,447.40338,494.39636,
2326,187,26,198.28952,488.80695,
2327,187,33,623.78864,636.6081,
2328,187,13,252.02246,553.23413,
2329,187,3,1038.5647,646.1079,
2330,187,11,1507.6207,380.59692,
2331,187,7,1253.4459,380.66058,
2332,187,38,483.3897,536.7387,
2333,187,5,992.392,467.88788,
2334,187,2,1453.6953,905.0355,
2335,187,42,438.63232,495.7624,
2336,187,40,1392.4463,895.88525,
2337,187,39,523.39496,533.3096,
2338,187,46,543.0271,474.71213,
2339,188,26,184.02486,489.9808,
2340,188,33,616.19434,638.5033,
2341,188,13,238.81712,553.0432,
2342,188,3,1033.3519,647.7307,
2343,188,11,1503.888,378.2467,
2344,188,7,1253.4614,379.7283,
2345,188,38,474.48126,535.91675,
2346,188,5,993.42395,466.69434,
2347,188,2,1465.7035,907.43097,
2348,188,42,427.37448,493.3854,
2349,188,40,1398.5288,900.5397,
2350,188,46,536.60657,474.85953,
2351,189,26,170.72366,489.77808,
2352,189,33,609.85474,643.44556,
2353,189,13,224.31683,552.6131,
2354,189,3,1029.8702,649.88837,
2355,189,11,1501.6841,377.37866,
2356,189,7,1251.2687,378.06885,
2357,189,38,464.77945,535.2825,
2358,189,2,1475.5325,909.9256,
2359,189,42,419.0957,494.44897,
2360,189,40,1403.8914,905.38434,
2361,190,26,155.09235,489.72992,
2362,190,33,603.67944,646.27563,
2363,190,13,211.90628,552.7386,
2364,190,3,1026.3856,651.5885,
2365,190,11,1499.0465,376.43198,
2366,190,7,1249.8291,377.3422,
2367,190,38,455.74243,534.06396,
2368,190,2,1482.9172,912.7897,
2369,190,42,408.35327,495.24014,
2370,190,40,1410.9519,906.1489,
2371,190,49,611.0,564.69995,
2372,190,5,997.3091,458.84857,
2373,191,26,143.00403,486.08435,
2374,191,33,596.2372,648.6206,
2375,191,13,197.75037,554.08234,
2376,191,3,1023.2229,656.05115,
2377,191,11,1495.5769,375.12494,
2378,191,7,1246.084,375.4169,
2379,191,38,444.66287,533.93024,
2380,191,2,1491.3303,915.1344,
2381,191,42,398.3493,494.90152,
2382,191,40,1420.2546,908.60535,
2383,191,49,601.2268,564.1527,
2384,191,5,996.8021,456.21533,
2385,192,26,128.3173,486.3708,
2386,192,33,589.3317,651.4252,
2387,192,13,184.88625,554.9015,
2388,192,3,1019.534,659.9554,
2389,192,11,1492.4517,374.34274,
2390,192,7,1244.0557,375.63083,
2391,192,38,436.12457,535.5162,
2392,192,2,1501.802,918.9391,
2393,192,42,390.2492,495.44098,
2394,192,40,1427.5518,910.4363,
2395,192,49,587.2349,565.1355,
2396,192,5,993.2434,454.3496,
2397,192,41,332.17505,515.4493,
2398,192,39,486.2661,533.4107,
2399,193,26,115.200874,485.20886,
2400,193,33,581.3296,653.7355,
2401,193,13,170.85623,558.1746,
2402,193,3,1016.9513,663.96423,
2403,193,11,1489.4531,375.75458,
2404,193,7,1243.343,376.3462,
2405,193,38,429.52954,535.48315,
2406,193,2,1510.3877,923.55804,
2407,193,40,1434.3655,912.66785,
2408,193,41,319.9339,517.6725,
2409,193,44,1106.5762,655.0668,
2410,193,46,499.3755,460.55988,
2411,194,26,103.70859,483.46307,
2412,194,33,574.2095,656.5245,
2413,194,13,156.75899,560.02966,
2414,194,3,1014.4557,667.34595,
2415,194,11,1485.1694,376.95917,
2416,194,7,1242.7969,375.6421,
2417,194,38,417.7766,534.488,
2418,194,2,1519.8923,927.53735,
2419,194,40,1443.2832,914.40643,
2420,194,44,1107.0514,661.3247,
2421,194,42,371.12555,491.84238,
2422,195,26,85.36905,484.79742,
2423,195,33,567.78284,658.8235,
2424,195,13,141.99292,562.6649,
2425,195,3,1012.3165,671.1399,
2426,195,11,1483.0032,379.37744,
2427,195,7,1242.3267,374.7049,
2428,195,38,408.00793,535.75195,
2429,195,2,1527.8121,931.6135,
2430,195,40,1450.7015,919.61426,
2431,195,44,1106.2244,666.35925,
2432,195,42,359.8154,489.4015,
2433,195,41,299.03214,519.36725,
2434,196,26,70.4787,487.3899,
2435,196,33,562.6035,661.92584,
2436,196,13,128.26788,566.93713,
2437,196,3,1010.29736,677.33374,
2438,196,11,1481.9597,382.89758,
2439,196,7,1242.844,374.97458,
2440,196,38,399.3226,537.5694,
2441,196,2,1539.3833,935.70935,
2442,196,40,1459.5356,925.4607,
2443,196,44,1108.4856,674.3202,
2444,196,42,348.97937,492.78677,
2445,196,4,855.1195,206.78702,
2446,197,26,55.075775,492.37366,
2447,197,33,557.24023,664.3429,
2448,197,13,113.64361,569.8185,
2449,197,3,1006.7292,682.8529,
2450,197,11,1478.7943,385.576,
2451,197,7,1242.1348,376.36728,
2452,197,38,389.7534,539.8904,
2453,197,2,1547.7191,941.475,
2454,197,40,1469.1704,931.1389,
2455,197,44,1110.3942,682.237,
2456,197,42,341.85257,495.3225,
2457,197,50,123.4,458.09998,
2458,197,5,996.20166,455.0027,
2459,197,46,470.77466,461.94492,
2460,198,26,42.4936,495.5966,
2461,198,33,551.1483,665.8395,
2462,198,13,98.006744,572.83636,
2463,198,3,1003.1898,688.43445,
2464,198,11,1473.8103,386.94745,
2465,198,7,1240.6108,377.8732,
2466,198,38,380.51913,544.32324,
2467,198,2,1556.4806,947.7716,
2468,198,40,1476.8466,937.7632,
2469,198,44,1111.8086,689.43835,
2470,198,50,117.65326,457.63403,
2471,198,5,995.9496,455.91864,
2472,198,46,462.6781,469.47247,
2473,198,49,522.9169,579.6122,
2474,198,41,270.58966,528.02277,
2475,199,26,30.289621,496.7378,
2476,199,33,543.4714,669.93506,
2477,199,13,84.34201,577.5718,
2478,199,3,999.98566,693.07074,
2479,199,11,1468.43,387.7918,
2480,199,7,1240.071,378.43893,
2481,199,38,370.7428,547.99493,
2482,199,2,1565.0754,953.6227,
2483,199,40,1483.7681,945.0742,
2484,199,44,1110.6636,696.9338,
2485,199,50,108.02763,455.93396,
2486,199,5,994.8918,459.23505,
2487,199,49,509.78912,582.8951,
2488,199,41,260.3163,530.4988,
2489,200,26,19.541584,500.09305,
2490,200,33,535.52844,673.05457,
2491,200,13,68.10457,582.57654,
2492,200,3,995.9283,699.6349,
2493,200,11,1463.8868,388.75333,
2494,200,7,1239.587,378.966,
2495,200,38,361.4262,550.9966,
2496,200,2,1572.9598,957.4179,
2497,200,40,1493.7191,950.3939,
2498,200,44,1108.9196,701.8878,
2499,200,5,995.4756,462.17593,
2500,200,49,498.4248,586.3108,
2501,200,41,249.8428,536.6681,
2502,200,46,444.73767,473.91367,
2503,201,33,527.4879,676.77026,
2504,201,13,54.232323,586.6771,
2505,201,3,992.54126,707.51746,
2506,201,11,1455.7365,388.77234,
2507,201,7,1237.1553,378.82175,
2508,201,38,347.07474,554.3897,
2509,201,2,1578.2263,962.0186,
2510,201,40,1499.8063,936.7339,
2511,201,44,1109.904,705.2306,
2512,201,5,995.3828,461.3589,
2513,201,49,485.62665,590.4869,
2514,201,41,239.62172,539.917,
2515,201,51,406.5,557.4,
2516,201,46,436.80438,476.91602,
2517,201,50,86.54097,459.5044,
2518,202,33,519.4193,679.4217,
2519,202,13,39.930893,591.427,
2520,202,3,988.42285,713.98804,
2521,202,11,1449.4943,389.0879,
2522,202,7,1234.6371,379.73358,
2523,202,38,339.28198,556.3009,
2524,202,2,1585.5308,963.9663,
2525,202,40,1505.0369,934.249,
2526,202,44,1109.2961,709.2881,
2527,202,5,994.3931,458.1635,
2528,202,49,473.28064,594.2835,
2529,202,41,227.8907,544.00574,
2530,202,46,429.47922,479.96228,
2531,202,50,76.33137,462.57153,
2532,203,33,509.67725,682.9625,
2533,203,13,26.453709,594.77277,
2534,203,3,985.0081,721.8235,
2535,203,11,1442.0334,390.1761,
2536,203,7,1232.4109,380.06592,
2537,203,38,328.1297,557.6278,
2538,203,2,1592.9082,967.84644,
2539,203,40,1507.7458,936.676,
2540,203,44,1109.065,712.9558,
2541,203,5,992.0714,457.88123,
2542,203,49,458.4969,598.26416,
2543,203,41,214.20528,547.14087,
2544,203,46,420.0775,482.6924,
2545,203,50,65.24774,463.4823,
2546,203,4,788.94305,194.97821,
2547,204,33,500.95346,687.1775,
2548,204,3,980.8883,728.2581,
2549,204,11,1430.5992,390.2506,
2550,204,7,1228.9612,383.50793,
2551,204,38,316.6687,562.32684,
2552,204,2,1600.3623,974.3781,
2553,204,40,1512.6539,945.89,
2554,204,44,1109.9835,716.80115,
2555,204,5,989.24207,457.7895,
2556,204,49,444.11288,601.9737,
2557,204,41,200.84346,552.8206,
2558,204,46,411.20837,484.01926,
2559,204,50,54.83159,465.45532,
2560,205,33,491.9782,690.6487,
2561,205,3,973.56866,734.4604,
2562,205,11,1419.7428,390.5805,
2563,205,7,1223.0496,389.12598,
2564,205,38,304.81595,566.6411,
2565,205,2,1606.1482,977.10223,
2566,205,40,1522.0938,964.45795,
2567,205,44,1110.9814,722.70984,
2568,205,49,428.1978,606.5758,
2569,205,41,184.3475,555.56116,
2570,205,46,400.89413,485.13156,
